 Position , Forename , Surname , Height , Weight , Standing , Skill , Potential , Team , Games , Tackles , INTs , Sacks , FF , FR , Blocks , TDs ," Safeties
"
OLB,Edgar,Young,6 - 3,229,(So),3.0,4.5,Nebraska,2,12,0,0.0,0,0,0,0,"0
"
ILB,Philip,Sargent,6 - 2,240,(Fr),2.5,4.5,Nebraska,5,37,0,0.0,1,0,0,0,"0
"
FS,Antonio,White,6 - 1,163,So,3.0,4.0,Nevada,7,31,4,0.0,0,0,0,0,"0
"
CB,Lee,Davis,6 - 2,174,(Jr),4.0,4.0,Oklahoma,7,25,5,0.0,0,0,0,2,"0
"
DT,Clint,Harmon,6 - 8,283,Sr,4.5,4.5,Missouri,5,24,0,2.0,0,1,0,0,"0
"
CB,Gene,Allison,5 - 11,188,(So),1.5,3.0,Temple,4,20,0,0.0,0,0,0,0,"0
"
CB,Keith,Wilson,6 - 1,198,Jr,3.0,3.0,Indiana,3,16,1,0.0,0,0,0,0,"0
"
CB,Wendell,Thomas,5 - 8,171,Sr,3.5,3.5,Louisville,1,7,0,0.0,0,0,0,0,"0
"
SS,Norris,Nolan,5 - 10,178,Sr,4.5,4.5,Texas A&M,2,6,1,0.0,0,0,0,0,"0
"
DE,Jay,Peterson,6 - 8,254,(So),3.0,3.5,San Diego State,1,3,0,1.0,0,0,0,0,"0
"
ILB,John,Foster,6 - 1,227,(So),4.5,4.5,Miami FL,8,57,1,0.0,0,1,0,0,"0
"
DE,Doug,Carolan,6 - 0,263,(Jr),5.0,5.0,Florida,4,13,0,4.5,0,0,0,0,"0
"
FS,Darius,Jones,6 - 1,205,Jr,5.0,5.0,Washington,5,16,5,0.0,0,0,0,0,"0
"
OLB,Peter,Garcia,5 - 10,220,Jr,2.0,2.5,Marshall,6,35,0,0.0,0,0,0,0,"0
"
ILB,Gary,Bower,6 - 2,229,Sr,4.5,4.5,Utah,9,63,0,0.0,1,0,0,0,"0
"
CB,Matty,Brennan,6 - 3,168,Jr,3.5,4.0,Mississippi State,3,7,3,0.0,0,0,0,0,"0
"
ILB,Carlos,Price,5 - 11,230,Jr,2.0,3.0,Ohio,7,45,2,1.0,0,1,0,0,"0
"
DT,Reggie,Hedberg,6 - 8,258,Sr,4.5,4.5,Tennessee,7,31,0,2.0,1,0,0,0,"0
"
OLB,Jerry,Thornton,6 - 2,229,(Fr),2.5,4.5,Texas Tech,6,31,0,0.0,2,3,0,1,"0
"
OLB,Mike,Johnson,6 - 0,240,(Sr),4.5,4.5,Houston,10,71,2,0.5,0,0,0,0,"0
"
DE,Charlie,Bacon,6 - 4,269,(Jr),4.0,4.0,Ole Miss,2,7,0,2.0,1,1,0,0,"0
"
OLB,Keith,Powers,6 - 1,197,(Fr),2.5,3.5,Northern Illinois,10,58,1,3.0,1,0,0,0,"0
"
ILB,Ryan,Hanspard,6 - 1,217,Sr,4.0,4.0,Penn State,5,40,0,1.0,1,0,0,0,"1
"
DE,Joshua,Boles,6 - 8,261,Jr,2.0,3.5,Western Michigan,3,5,0,3.0,0,0,0,0,"0
"
CB,Michael,Russell,6 - 1,161,Sr,2.0,2.0,Kent State,1,5,0,0.0,0,0,0,0,"0
"
CB,Jason,Brown,6 - 1,186,Sr,4.5,4.5,Wisconsin,5,25,1,0.0,0,0,0,0,"0
"
ILB,C.J.,Thomas,6 - 4,240,Fr,3.5,5.0,Georgia,8,67,0,0.0,0,1,0,0,"0
"
SS,Bennie,Richardson,5 - 10,172,Jr,4.0,4.5,Maryland,2,5,2,0.0,0,0,0,2,"0
"
FS,Johnathan,Banducci,6 - 2,175,(Jr),3.5,3.5,Michigan,3,9,2,0.0,1,0,0,0,"0
"
FS,Sean,Youngblood,5 - 10,185,(So),4.0,4.0,Michigan State,5,24,3,0.0,0,0,0,1,"0
"
CB,Vince,Flowers,6 - 0,185,(Sr),3.5,3.5,TCU,5,20,4,0.0,0,0,0,0,"0
"
ILB,Joseph,Snider,6 - 2,224,Sr,3.5,3.5,Oregon State,10,62,0,0.0,0,0,0,0,"0
"
DE,Travis,Lee,6 - 8,260,(Jr),4.5,4.5,Alabama,2,5,0,2.0,0,0,0,0,"0
"
CB,Jayshawn,Watts,6 - 0,176,Jr,4.5,5.0,Boise State,5,26,2,0.0,0,0,0,2,"0
"
FS,Thomas,Lewis,5 - 10,174,(So),3.5,3.5,Georgia State,4,10,3,0.0,0,0,0,1,"0
"
CB,Adam,Goss,6 - 1,222,(So),3.0,4.0,Texas A&M,2,9,1,0.0,0,1,0,0,"0
"
SS,Anthony,Campbell,6 - 1,194,(So),4.0,4.0,UCLA,1,3,1,0.0,0,0,0,0,"0
"
DT,Phillip,Kelly,6 - 5,254,So,1.0,2.5,Akron,1,4,0,0.0,0,0,0,0,"0
"
OLB,Timothy,McKay,6 - 1,231,(So),3.0,4.0,Colorado,8,44,0,0.0,0,0,0,0,"0
"
CB,Jeffrey,Barber,6 - 1,172,(Fr),2.0,3.0,Buffalo,5,21,1,0.0,0,0,0,1,"0
"
ILB,Henry,Clark,5 - 11,234,Sr,2.0,2.0,Western Michigan,8,46,0,0.0,1,1,0,0,"0
"
FS,Darren,Eaton,6 - 2,191,So,2.5,3.5,Indiana,4,15,1,0.0,0,0,0,0,"0
"
ILB,John,Adams,6 - 4,213,(So),4.0,4.0,Pittsburgh,7,48,1,0.0,0,1,0,0,"0
"
DT,Marcellus,Dodd,6 - 6,270,Sr,2.5,2.5,Rice,1,3,0,1.0,0,0,0,0,"0
"
ILB,Frederick,Sanders,6 - 2,243,Sr,3.5,3.5,New Mexico,7,38,0,0.0,0,0,0,0,"0
"
FS,Rob,Hamilton,5 - 11,188,(Sr),4.5,4.5,UCLA,4,10,4,0.0,0,0,0,0,"0
"
DE,Leonard,Huffman,6 - 8,279,Jr,3.5,3.5,Houston,3,13,0,2.5,0,0,0,0,"0
"
DE,Frank,Gates,6 - 6,253,So,1.5,3.0,Eastern Michigan,5,16,0,2.0,1,1,0,0,"0
"
FS,Antonio,Moore,5 - 9,178,Sr,2.0,2.5,Iowa State,2,10,0,0.0,0,0,0,0,"0
"
ILB,Daniel,Allen,5 - 11,220,Jr,3.5,4.0,Navy,8,53,0,1.0,0,0,0,0,"0
"
OLB,William,Bates,5 - 10,217,Sr,2.5,2.5,ECU,4,27,0,0.0,0,0,0,0,"0
"
OLB,Brian,Hernandez,6 - 3,217,Jr,5.0,5.0,Maryland,10,79,2,0.0,0,0,0,1,"0
"
OLB,Alan,McNair,6 - 2,218,Sr,3.5,3.5,Syracuse,3,15,0,0.0,0,0,0,0,"0
"
ILB,Clifford,Pittman,6 - 4,221,Jr,3.5,3.5,UCF,6,35,0,0.0,1,1,0,0,"0
"
FS,Vernon,Schroeder,6 - 3,180,Jr,1.5,1.5,Virginia Tech,1,1,1,0.0,0,0,0,0,"0
"
CB,Michael,Newman,6 - 1,185,Fr,1.5,3.5,Ohio,2,5,2,0.0,0,0,0,1,"0
"
DT,James,Arnold,6 - 8,291,Jr,3.5,4.5,Cincinnati,3,13,0,1.0,0,0,0,0,"0
"
FS,Jose,Ortiz,6 - 1,204,(Fr),2.0,5.0,Tennessee,2,6,2,0.0,0,0,0,0,"0
"
CB,Robert,Mann,6 - 0,172,(Fr),3.0,4.0,Boston College,1,5,0,0.0,0,0,0,0,"0
"
SS,William,Buck,6 - 0,185,(Sr),3.5,3.5,Air Force,1,7,0,0.0,1,1,0,0,"0
"
DE,Eric,Hamm,6 - 8,260,Jr,1.5,2.5,Miami OH,5,14,0,4.0,1,1,0,0,"0
"
CB,John,Lowe,6 - 1,176,Jr,1.5,2.5,Eastern Michigan,7,38,1,0.0,0,0,0,1,"0
"
FS,Edward,Harrison,5 - 10,168,(Sr),4.5,4.5,Northwestern,3,11,1,0.0,0,0,0,0,"0
"
CB,Rich,Bynum,5 - 11,190,Sr,3.5,3.5,Nebraska,1,0,1,0.0,0,0,0,0,"0
"
FS,Vincent,Ayala,6 - 1,185,(So),1.5,2.5,Eastern Michigan,5,26,1,0.0,0,0,0,1,"0
"
CB,Kendal,Whittle,5 - 9,182,(Jr),3.5,3.5,Georgia Tech,3,15,1,0.0,0,0,0,0,"0
"
DE,Larry,Manning,6 - 8,263,(Jr),3.0,3.0,Iowa State,5,16,0,6.0,0,0,0,0,"0
"
DT,Dennis,Schultz,6 - 2,308,So,2.5,2.5,California,1,3,0,1.0,1,0,0,0,"0
"
SS,Romulus,Jackson,6 - 0,193,(Sr),5.0,5.0,Fresno State,3,22,7,0.0,0,0,0,0,"0
"
OLB,Lewis,Myers,6 - 4,217,Jr,3.5,3.5,Boise State,9,53,0,0.0,0,2,0,1,"0
"
??,William,Cormier,? - ??,???,(??),??,??,Syracuse,1,4,0,0.0,0,0,0,0,"0
"
SS,Daunte,Sweetan,6 - 1,184,Sr,3.5,3.5,Rice,3,17,0,0.0,0,0,0,0,"0
"
DT,Norman,Thomason,6 - 3,289,Jr,1.5,3.0,Buffalo,2,9,0,0.0,0,0,0,0,"0
"
OLB,Craig,Stratton,6 - 1,229,Sr,4.0,4.0,Texas,8,58,1,0.0,0,0,0,0,"0
"
OLB,John,Freeman,5 - 11,219,Jr,3.5,3.5,Utah,8,54,0,0.0,1,1,0,0,"0
"
DT,Ed,Miller,6 - 5,304,Sr,4.0,4.0,NC State,7,30,1,4.0,0,0,0,0,"0
"
FS,Marcus,Urlacher,5 - 10,160,(Jr),4.0,4.0,Boston College,4,14,4,0.0,0,0,0,1,"0
"
CB,Blake,Turner,6 - 3,176,Fr,3.5,5.0,Ohio State,4,14,2,0.0,0,0,0,1,"0
"
OLB,Angel,Bailey,6 - 2,228,(Fr),3.0,4.5,Georgia,2,11,0,0.0,1,1,0,0,"0
"
ILB,Matthew,Hudson,6 - 1,221,Sr,1.5,1.5,Connecticut,1,5,0,0.0,0,0,0,0,"0
"
OLB,Alexander,Baumgartner,6 - 0,224,Sr,4.5,4.5,Oklahoma,8,57,0,0.0,0,0,0,0,"0
"
DT,Ode,Bell,6 - 2,292,(Sr),4.0,4.0,Colorado,1,0,0,0.0,0,0,1,0,"0
"
ILB,Steve,Tilley,6 - 0,226,Sr,3.5,3.5,Hawaii,4,24,0,0.0,0,0,0,0,"0
"
CB,Joseph,Lind,5 - 11,190,So,2.5,4.0,Houston,1,3,1,0.0,0,0,0,0,"0
"
DT,Howard,Foster,6 - 6,310,So,3.5,3.5,Indiana,6,24,0,2.0,0,0,0,0,"0
"
CB,Brent,Johnson,5 - 11,181,Jr,4.0,4.5,Utah,7,34,3,0.0,0,1,0,2,"0
"
SS,Richard,Fuller,6 - 1,187,So,2.0,3.5,Virginia Tech,2,6,1,0.0,0,0,0,1,"0
"
DT,Carter,Jackson,6 - 6,273,Sr,4.5,4.5,Boise State,1,3,0,1.0,0,0,0,0,"0
"
FS,Don,Vargas,5 - 9,176,Jr,1.5,2.5,Western Michigan,5,21,2,0.0,0,0,0,0,"0
"
SS,Ashton,Best,5 - 11,217,Fr,3.0,4.0,ECU,5,18,2,0.0,0,0,0,0,"0
"
DT,Richard,Armstrong,6 - 3,274,Sr,2.5,2.5,Northern Illinois,4,16,0,2.0,0,0,0,0,"0
"
DE,Joe,Murrell,6 - 7,262,Sr,3.5,3.5,Louisville,4,14,0,4.0,0,1,0,0,"0
"
OLB,Austin,Olson,5 - 11,234,So,4.0,5.0,Notre Dame,10,71,3,0.0,1,0,0,1,"0
"
DT,Ernie,Pemberton,6 - 8,249,So,3.0,3.5,Connecticut,2,5,0,2.0,0,0,0,0,"0
"
FS,Leon,Hampton,6 - 2,169,Sr,3.0,3.0,Florida,6,28,2,0.0,0,0,0,0,"0
"
CB,Robert,Key,5 - 9,189,Sr,1.5,1.5,Utah State,1,6,0,0.0,0,0,0,0,"0
"
OLB,Alton,Smith,6 - 2,211,(Sr),3.5,3.5,Army,5,34,0,0.0,0,0,0,0,"0
"
SS,Steve,Watts,6 - 3,193,So,2.0,3.5,Oregon State,1,2,1,0.0,0,0,0,0,"0
"
DE,Steve,Roberts,6 - 8,261,Sr,4.0,4.0,Texas Tech,1,4,0,1.0,0,0,0,0,"0
"
CB,Marlin,Schrader,5 - 11,192,(Sr),4.0,4.0,Washington State,6,30,2,0.0,0,0,0,1,"0
"
SS,Chekwume,Angacho,6 - 0,203,Sr,4.0,4.0,Penn State,6,28,3,1.0,0,0,0,1,"0
"
FS,Joseph,Moore,6 - 1,194,Jr,2.5,3.5,Utah,3,16,1,0.0,0,0,0,0,"0
"
DT,Tyrone,Crawley,6 - 4,296,(So),3.5,4.0,Kentucky,4,14,0,4.0,0,0,0,0,"0
"
CB,Victor,Ruby,6 - 1,193,Jr,4.0,4.0,Maryland,5,25,1,0.0,0,0,0,0,"0
"
SS,Carlos,Snodgrass,5 - 9,192,Jr,1.0,2.5,Wyoming,1,8,0,0.0,0,0,0,0,"0
"
OLB,Jamir,Sample,6 - 2,231,Fr,2.5,4.5,Clemson,6,35,1,0.0,0,0,0,0,"0
"
DE,Benjamin,Blankenship,6 - 1,290,(Jr),5.0,5.0,Georgia,5,17,0,3.5,2,1,0,0,"0
"
ILB,Dennis,Weaver,6 - 4,246,So,2.5,3.5,Rutgers,5,27,0,0.0,0,0,0,0,"0
"
CB,Russ,Barker,5 - 10,203,Jr,4.0,4.5,Miami FL,7,23,6,0.0,0,0,0,1,"0
"
DE,Paul,Daly,6 - 8,257,(So),3.0,3.0,North Carolina,2,8,0,0.0,1,1,0,0,"0
"
OLB,Maurice,Allison,6 - 1,221,(So),1.0,3.0,Nevada,6,31,0,0.0,0,0,0,0,"0
"
ILB,Jim,McClain,6 - 0,229,(Jr),3.0,3.0,Arkansas,9,63,0,0.0,0,0,0,0,"0
"
OLB,Daniel,Clark,6 - 2,235,So,3.0,3.0,Purdue,2,10,0,0.0,0,0,0,0,"0
"
OLB,Terry,Bush,6 - 2,239,Sr,4.0,4.0,Pittsburgh,7,51,0,0.0,1,1,0,1,"0
"
DE,Larry,Scott,6 - 3,255,(Fr),2.0,4.5,Nebraska,2,10,0,0.0,0,0,0,0,"0
"
OLB,George,Darling,5 - 9,212,(Fr),1.0,2.0,Toledo,7,33,0,0.0,1,0,0,0,"0
"
DT,Perry,Colvin,6 - 2,309,(Fr),2.0,3.0,Northwestern,1,5,0,0.0,0,0,0,0,"0
"
SS,Junior,Mitchell,5 - 11,167,Sr,3.5,3.5,Miami FL,3,7,4,0.0,0,0,0,2,"0
"
OLB,Robert,Cruz,6 - 3,229,Jr,3.0,3.5,Louisville,9,58,0,0.0,0,0,0,0,"0
"
OLB,Jason,Baber,6 - 2,217,(Sr),4.0,4.0,Virginia Tech,7,49,1,0.0,0,0,0,0,"0
"
CB,Tommy,Henderson,5 - 10,166,(Jr),3.0,3.0,Ole Miss,2,10,1,0.0,0,0,0,0,"0
"
DT,Roberto,Castaneda,6 - 2,262,Fr,1.0,3.0,Central Michigan,1,4,0,1.0,0,0,0,0,"1
"
CB,Oscar,Dunn,6 - 1,194,Fr,2.0,3.5,Auburn,1,6,0,0.0,0,0,0,0,"0
"
OLB,Leland,Anderson,6 - 1,236,(So),4.5,4.5,Miami FL,8,53,1,0.0,0,0,0,0,"0
"
ILB,Jim,Bailey,6 - 0,217,(Jr),4.0,4.0,North Carolina,4,28,1,0.0,0,0,0,0,"0
"
FS,Robert,Rockwell,6 - 0,164,(Sr),3.0,3.0,Duke,3,19,0,0.0,0,0,0,0,"0
"
SS,Anthony,Ludwig,6 - 2,202,(Jr),4.0,4.0,Connecticut,5,15,5,0.0,0,0,0,2,"0
"
OLB,Manuel,Overstreet,6 - 4,224,So,2.5,4.0,Michigan,5,43,0,0.0,0,0,0,0,"0
"
FS,Jesse,Griffin,5 - 11,160,(Jr),3.5,3.5,Army,5,37,0,0.0,0,0,0,0,"0
"
ILB,Steven,Alexander,5 - 11,216,Jr,4.0,4.0,Arizona,4,29,0,0.0,0,0,0,0,"0
"
CB,Khary,Miller,5 - 9,146,Jr,4.0,4.0,Oklahoma State,5,15,6,0.0,0,0,0,1,"0
"
ILB,Paul,Floyd,6 - 3,232,(So),4.5,4.5,NC State,8,53,0,0.0,3,2,0,0,"0
"
CB,Ed,Jones,5 - 10,177,Sr,3.0,3.0,Missouri,1,3,1,0.0,0,0,0,0,"0
"
FS,Alexander,Tracy,5 - 11,205,(Fr),2.0,4.0,Hawaii,4,27,1,0.0,0,0,0,0,"0
"
OLB,Richard,Jones,5 - 11,236,(So),4.0,5.0,Washington State,1,5,0,0.0,0,0,0,0,"0
"
SS,Patrick,Carr,5 - 10,201,Jr,4.0,4.0,Navy,6,31,1,0.0,0,0,0,0,"0
"
FS,Troy,Brown,6 - 1,203,Jr,1.5,2.5,Central Michigan,1,5,0,0.0,0,0,0,0,"0
"
DT,Guy,Downs,6 - 1,277,(Sr),3.0,3.0,Duke,1,4,0,1.0,1,0,0,0,"0
"
SS,Daniel,Lopez,6 - 2,177,So,3.0,3.0,SMU,1,3,2,0.0,0,0,0,0,"0
"
DE,Ed,Lee,6 - 5,274,(Sr),3.5,3.5,Virginia,1,4,0,1.0,0,0,0,0,"0
"
FS,Reshad,Oliver,5 - 11,204,(So),3.5,4.0,Navy,2,6,2,0.0,0,0,0,1,"0
"
CB,Fred,Saul,5 - 9,161,(Jr),3.5,3.5,Tennessee,3,14,2,0.0,0,0,0,0,"0
"
FS,Joseph,Gardner,5 - 9,167,Sr,2.5,2.5,Kent State,2,10,0,0.0,0,0,0,0,"0
"
DT,Bud,Howard,6 - 2,301,(Jr),5.0,5.0,LSU,6,29,0,3.0,0,0,0,0,"0
"
DT,Aaron,Jones,6 - 0,292,So,2.5,3.0,Houston,4,21,0,2.0,0,0,0,0,"0
"
OLB,Andre,Gasaway,6 - 0,220,(Sr),5.0,5.0,West Virginia,7,44,0,0.0,0,0,0,0,"0
"
CB,Dallas,Gelbaugh,5 - 10,164,(Jr),3.5,3.5,Virginia,6,34,2,0.0,0,0,0,1,"0
"
CB,Robert,Law,5 - 9,189,(Fr),2.0,3.0,Vanderbilt,6,28,2,0.0,0,0,0,0,"0
"
CB,Thomas,Trujillo,6 - 1,189,(So),2.5,3.5,Fresno State,1,1,1,0.0,0,0,0,0,"0
"
FS,Vincent,Jones,6 - 1,159,Sr,3.0,3.0,Mississippi State,2,9,1,0.0,0,0,0,0,"0
"
SS,Johnathan,Salazar,5 - 11,179,Sr,4.0,4.0,Mississippi State,1,6,1,0.0,0,0,0,1,"0
"
DT,Ronald,Young,6 - 7,287,Jr,4.0,4.0,Air Force,2,8,0,2.0,0,0,0,0,"0
"
CB,Jack,Robinson,6 - 2,186,So,2.0,3.0,Missouri,2,4,2,0.0,0,0,0,1,"0
"
OLB,Noel,Clark,6 - 4,234,(So),3.5,4.0,Michigan State,2,11,0,0.0,0,0,0,0,"0
"
OLB,Shawn,Richardson,6 - 0,238,(Fr),1.5,4.0,Vanderbilt,5,24,3,0.0,0,0,0,0,"0
"
CB,Ricky,Martinez,6 - 0,154,Sr,2.5,2.5,Northwestern,1,5,0,0.0,0,0,0,0,"0
"
ILB,Kelly,Mitchell,6 - 3,217,(So),5.0,5.0,Michigan State,6,50,0,1.0,0,0,0,0,"1
"
DT,Eric,Harris,6 - 8,314,Jr,3.0,3.5,Illinois,7,31,0,3.0,0,1,0,0,"0
"
OLB,Carlton,Houser,6 - 2,236,Sr,4.0,4.0,Fresno State,5,30,1,0.0,0,0,0,1,"0
"
FS,Reshad,Jenkins,5 - 11,198,Jr,3.5,4.5,Houston,4,11,4,0.0,0,0,0,1,"0
"
DE,David,Chapman,6 - 6,272,Sr,2.0,2.0,Marshall,1,5,0,0.0,0,0,0,0,"0
"
FS,Patrick,Parks,5 - 9,184,Sr,4.5,4.5,Texas A&M,2,6,2,0.0,0,0,0,0,"0
"
FS,Tom,Rambo,5 - 10,184,(Jr),4.5,4.5,Ohio State,3,15,0,0.0,0,1,0,0,"0
"
DE,Adam,Salazar,6 - 3,264,Jr,3.0,3.0,Virginia Tech,1,3,0,1.0,0,0,0,0,"0
"
DE,Vincent,Ford,6 - 3,262,Sr,1.5,1.5,Buffalo,3,12,0,0.0,0,1,0,0,"0
"
SS,Kevin,Nguyen,5 - 10,159,So,3.0,5.0,Marshall,5,24,5,0.0,0,0,0,1,"0
"
OLB,Brian,Morgan,6 - 1,219,(So),3.5,3.5,Indiana,2,11,0,0.0,0,0,0,0,"0
"
FS,Bradley,Haines,5 - 11,186,So,2.5,3.0,Illinois,2,11,0,0.0,0,0,0,0,"0
"
OLB,Steven,Martinez,6 - 3,232,Jr,3.5,3.5,Arkansas,6,38,0,0.0,0,0,0,0,"0
"
SS,Brandon,Sauter,6 - 2,200,Sr,5.0,5.0,Michigan State,6,36,3,0.0,0,0,0,1,"0
"
CB,Isaac,Ricard,6 - 0,169,(Jr),3.5,3.5,Hawaii,1,5,0,0.0,0,0,0,0,"0
"
OLB,Cliff,Davis,5 - 10,198,Sr,2.5,2.5,Wake Forest,6,37,0,0.0,0,0,0,0,"0
"
CB,Wilson,Allen,6 - 1,163,Fr,1.0,3.0,Marshall,1,0,1,0.0,0,0,0,0,"0
"
FS,Colston,Watson,5 - 10,191,(Sr),4.5,4.5,Clemson,3,8,3,0.0,0,0,0,1,"0
"
CB,Dashon,Hodge - Stevens,5 - 11,212,Jr,4.5,4.5,Virginia Tech,2,9,2,0.0,0,0,0,2,"0
"
OLB,Jeff,Cox,5 - 11,220,Jr,4.5,4.5,California,9,56,0,0.0,0,1,0,1,"0
"
FS,Jaeden,Sampson,6 - 0,195,Fr,2.5,3.5,Vanderbilt,2,6,2,0.0,0,0,0,2,"0
"
??,Guy,Barton,? - ??,???,(??),??,??,North Texas,4,21,2,0.0,0,0,0,0,"0
"
ILB,Tom,Lavergne,6 - 0,226,(Jr),5.0,5.0,Florida,5,38,0,0.0,0,0,0,0,"0
"
OLB,Victor,Green,6 - 2,221,(Jr),1.0,1.5,Akron,2,9,0,0.0,0,0,0,0,"0
"
ILB,Jordan,Patterson,6 - 1,224,Jr,1.5,3.0,Temple,10,58,0,0.0,0,0,0,0,"1
"
DE,Otis,Stackhouse,6 - 6,264,Sr,3.0,3.0,UCF,6,15,0,5.0,0,1,0,0,"0
"
CB,Curtis,Howard,5 - 10,175,Jr,3.0,3.5,TCU,3,10,3,0.0,0,0,0,1,"0
"
DE,Charles,Woods,6 - 5,273,(So),4.0,5.0,Notre Dame,6,22,0,10.0,0,0,0,0,"0
"
DE,James,Chandler,6 - 7,272,Jr,1.5,2.0,Northern Illinois,2,5,0,1.0,0,0,0,0,"0
"
DE,Thomas,Conley,6 - 4,263,(So),4.0,4.5,Missouri,6,21,0,5.0,1,1,0,1,"0
"
FS,Phillip,Rodriguez,5 - 10,184,Jr,2.0,2.0,New Mexico,1,6,0,0.0,0,0,0,0,"0
"
CB,Donnie,Thomas,6 - 3,171,(Jr),4.0,4.0,Kentucky,1,3,1,0.0,0,0,0,1,"0
"
DE,Victor,Newsome,6 - 1,283,Sr,3.0,3.0,Temple,1,5,0,0.0,0,0,0,0,"0
"
CB,Joe,Holcomb,6 - 0,169,Sr,3.0,3.0,Wake Forest,5,25,1,0.0,0,0,0,0,"0
"
CB,Guy,Burton,6 - 2,193,(Jr),2.0,2.5,North Texas,4,21,0,0.0,0,0,0,0,"0
"
OLB,Darren,McLean,6 - 1,248,Fr,2.5,3.0,Maryland,1,7,0,0.0,0,0,0,0,"0
"
DE,John,Bond,6 - 7,271,Sr,3.5,3.5,Oregon State,3,9,0,2.0,0,0,0,0,"0
"
CB,D.J.,Wright,5 - 11,221,Jr,3.0,3.0,Indiana,2,10,0,0.0,0,0,0,0,"0
"
FS,Haven,Wiley,5 - 10,181,(Jr),4.0,4.0,LSU,1,3,1,0.0,0,0,0,0,"0
"
ILB,Steven,Irwin,5 - 11,214,(Jr),4.0,4.0,Iowa State,6,38,0,0.0,0,0,0,0,"1
"
FS,Frank,Lewis,5 - 10,158,(Sr),3.5,3.5,Iowa,2,5,2,0.0,0,0,0,0,"0
"
CB,Matt,Daniels,6 - 0,165,(So),3.0,3.0,San Diego State,8,28,6,0.0,0,0,0,3,"0
"
DT,Robert,Spencer,6 - 5,296,(So),3.0,3.0,Georgia State,6,28,0,1.0,0,0,0,0,"0
"
DE,Stephen,Nash,6 - 2,267,(Sr),3.5,3.5,Maryland,4,15,0,2.0,1,0,0,0,"1
"
SS,Henry,Gabriel,6 - 2,189,Sr,3.5,3.5,Northwestern,2,8,1,0.0,0,0,0,0,"0
"
CB,Sean,Williams,5 - 11,179,(So),2.5,3.5,South Carolina,1,5,0,0.0,0,0,0,0,"0
"
CB,Richard,Brown,5 - 10,201,(Fr),2.5,4.0,Oklahoma,1,2,1,0.0,0,0,0,0,"0
"
CB,Nicholas,Freeman,6 - 1,172,(Sr),3.0,3.0,Iowa State,1,2,1,0.0,0,0,0,0,"0
"
SS,Myron,Loud,5 - 11,201,(Jr),4.5,4.5,Iowa,1,5,1,0.0,0,0,0,1,"0
"
SS,Walter,Dorow,5 - 11,200,Sr,5.0,5.0,Georgia,2,5,1,0.0,1,0,0,0,"0
"
DT,Craig,Boyd,6 - 8,277,(Sr),4.5,4.5,Ole Miss,4,16,0,2.0,1,1,0,0,"0
"
DE,John,Tubbs,6 - 4,273,(So),2.5,3.0,Kent State,4,16,0,3.0,0,0,0,0,"0
"
CB,Ivory,Hull,6 - 2,173,(Jr),5.0,5.0,Texas,7,32,7,0.0,0,0,0,1,"0
"
OLB,Vincent,Guidry,6 - 1,238,(Jr),1.0,1.0,Bowling Green,1,4,0,0.0,0,0,0,0,"0
"
ILB,Benjamin,Thompson,5 - 10,220,So,3.0,4.5,Marshall,7,56,0,0.0,0,0,0,0,"0
"
DT,James,Jensen,6 - 7,265,(So),3.5,4.0,Arizona,2,10,0,1.0,0,0,0,0,"0
"
CB,Adam,Gallagher,5 - 10,184,Jr,2.0,2.0,Oregon State,1,0,1,0.0,0,0,0,0,"0
"
SS,Calvin,Celestin,6 - 1,202,Sr,5.0,5.0,USC,6,32,2,0.0,0,0,0,2,"0
"
DE,Adam,Simpson,6 - 4,256,(So),3.0,3.5,Illinois,1,5,0,0.0,0,0,0,0,"0
"
SS,Daniel,Hicks,5 - 10,174,(So),3.0,4.0,UCF,6,28,3,0.0,1,0,0,1,"0
"
SS,Arthur,Flores,5 - 10,166,Jr,5.0,5.0,California,2,8,1,0.0,0,0,0,0,"0
"
DE,Donald,Craig,6 - 6,250,(So),3.5,4.0,Texas A&M,2,4,0,2.0,0,0,0,0,"0
"
CB,Alan,Dunn,5 - 9,179,Sr,3.5,3.5,Iowa State,3,10,2,0.0,0,0,0,1,"0
"
OLB,Patrick,Murphy,6 - 2,201,Jr,5.0,5.0,Minnesota,10,70,2,0.0,1,2,0,2,"0
"
CB,Makao,Giaquinto,5 - 11,178,Sr,2.0,2.0,UCF,1,3,1,0.0,0,0,0,1,"0
"
OLB,Kevin,Little,5 - 11,234,(So),4.0,4.0,Texas A&M,1,7,0,0.0,0,0,0,0,"0
"
CB,Tommy,Thompson,6 - 2,174,So,2.0,4.0,Marshall,3,13,2,0.0,0,0,0,0,"0
"
OLB,Tom,Johnson,6 - 1,218,Jr,4.0,4.0,Georgia State,10,60,0,3.0,0,0,0,0,"0
"
OLB,John,Yates,6 - 1,224,(So),2.0,3.0,Kent State,6,40,0,0.0,0,0,0,0,"0
"
FS,Eric,Smith,5 - 11,194,(Jr),2.5,3.5,North Texas,6,29,1,0.0,0,0,0,0,"0
"
ILB,Tommy,Gillette,6 - 0,241,(Jr),3.0,3.0,Arizona State,6,40,0,0.0,0,0,0,0,"0
"
OLB,Dennis,Gordon,6 - 3,231,So,3.0,3.5,Rutgers,3,14,0,0.0,0,0,0,0,"0
"
DE,Edward,Ferris,6 - 6,256,(So),3.5,3.5,Washington,1,5,0,1.0,0,0,0,0,"0
"
DE,John,Nelson,6 - 3,260,Sr,2.0,2.0,Utah State,4,15,0,2.0,0,0,0,0,"0
"
ILB,Chester,Hess,6 - 3,219,Jr,3.5,4.0,Arizona,3,18,0,0.0,0,0,0,0,"0
"
DE,Mark,Lewis,6 - 1,251,(Fr),2.5,3.5,Michigan State,2,10,0,0.0,0,0,0,0,"0
"
SS,Anthony,Foster,6 - 3,206,(Sr),4.5,4.5,Purdue,2,8,2,0.0,0,0,0,0,"0
"
CB,Tracey,Fisher,6 - 1,180,Sr,4.0,4.0,BYU,1,3,1,0.0,0,0,0,0,"0
"
SS,Alan,Walsh,5 - 11,195,So,3.0,3.5,Indiana,2,11,1,0.0,0,0,0,0,"0
"
CB,Francisco,Diaz,6 - 1,165,Sr,4.0,4.0,Colorado State,3,11,2,0.0,0,0,0,1,"0
"
CB,Hector,Hare,6 - 0,185,So,3.0,3.5,Syracuse,5,24,1,0.0,0,0,0,0,"0
"
DE,Justin,Rich,6 - 1,258,Sr,3.5,3.5,Baylor,6,21,0,5.0,0,0,0,0,"0
"
CB,Lynn,Perry,6 - 3,187,Sr,4.5,4.5,LSU,1,2,1,0.0,0,0,0,1,"0
"
DE,Robert,Johnson,6 - 0,252,Sr,2.5,2.5,Wake Forest,6,31,0,1.0,0,0,0,0,"0
"
FS,James,Klein,5 - 8,180,Sr,4.5,4.5,Auburn,4,13,4,0.0,0,0,0,0,"0
"
OLB,Frederick,Griggs,5 - 11,218,Sr,3.5,3.5,Connecticut,7,46,0,1.0,0,0,0,0,"0
"
DE,Charles,Anderson,6 - 3,245,(Fr),2.0,4.0,BYU,1,4,0,1.0,0,0,0,0,"0
"
ILB,Shaun,Rodriguez,6 - 2,227,Sr,3.0,3.0,Oklahoma State,4,26,0,0.0,0,0,0,0,"0
"
ILB,Alex,Martin,6 - 0,240,(Jr),5.0,5.0,Texas A&M,9,76,1,0.0,1,1,0,0,"0
"
CB,Eugene,Malone,6 - 0,190,(Fr),2.5,5.0,LSU,1,3,1,0.0,0,0,0,0,"0
"
OLB,Lamar,Tennell,6 - 1,240,(Jr),4.5,4.5,Washington,7,48,1,3.0,0,1,0,0,"0
"
CB,Scott,Thomas,5 - 9,178,(Sr),3.0,3.0,Rutgers,1,4,1,0.0,0,0,0,0,"0
"
OLB,Robert,Bingham,6 - 0,242,So,3.0,3.0,SMU,6,33,0,0.0,1,1,0,0,"0
"
CB,Paul,Wallace,5 - 11,173,So,3.5,3.5,Arizona State,1,9,1,0.0,0,0,0,0,"0
"
ILB,David,Hamilton,6 - 1,231,So,3.5,3.5,Boise State,7,52,0,0.0,0,0,0,0,"0
"
DE,Thomas,Goss,6 - 3,257,(Fr),2.5,4.5,Oklahoma,1,4,0,2.0,0,0,0,0,"0
"
CB,William,Patterson,6 - 0,190,(So),4.0,4.0,Iowa,6,25,5,0.0,0,0,0,3,"0
"
ILB,Michael,Patten,6 - 2,237,Jr,3.5,5.0,California,5,34,0,0.0,0,0,0,0,"0
"
CB,Scott,McNamara,6 - 1,189,Sr,2.5,2.5,Miami OH,7,32,3,0.0,0,0,0,1,"0
"
OLB,Justin,Davis,6 - 1,209,(Fr),1.0,2.5,Eastern Michigan,1,6,0,0.0,0,0,0,0,"0
"
CB,Leveon,Brooks,6 - 2,189,(So),3.5,4.0,Arizona,4,16,3,0.0,0,0,0,1,"0
"
CB,Kenneth,Parker,6 - 0,167,(Fr),2.0,3.0,Kansas,1,3,1,0.0,0,0,0,1,"0
"
ILB,Robert,Holmes,5 - 10,221,(Fr),1.0,2.5,Utah State,4,20,0,0.0,0,0,0,0,"0
"
CB,Kemp,Jasper,6 - 2,182,(Jr),4.0,4.0,Arizona State,7,44,0,0.0,0,0,0,0,"0
"
SS,Chris,Brown,5 - 11,176,Sr,5.0,5.0,Alabama,3,17,3,0.0,0,0,0,1,"0
"
FS,Carlton,Sylvester,6 - 0,193,(So),4.5,5.0,Nebraska,2,12,1,0.0,0,0,0,0,"0
"
ILB,Dick,McCready,6 - 2,218,(Jr),5.0,5.0,West Virginia,8,55,0,0.0,0,0,0,0,"0
"
CB,Daniel,Austin,5 - 10,191,So,3.5,3.5,Pittsburgh,1,4,1,0.0,0,0,0,0,"0
"
DT,Kelvin,Brito,6 - 6,281,(Jr),3.0,3.0,Washington State,1,3,0,1.0,0,0,0,0,"0
"
DT,Chris,Gross,6 - 5,272,(So),1.5,3.0,North Texas,3,15,0,0.0,0,0,0,0,"0
"
DE,Brian,Bynum,6 - 6,275,Sr,4.5,4.5,Kansas State,6,15,0,8.0,0,0,0,0,"0
"
FS,Michael,Monahan,6 - 0,178,(Jr),4.0,4.0,Purdue,1,3,1,0.0,0,0,0,0,"0
"
OLB,Bob,Boozer,6 - 1,218,Sr,3.0,3.0,Texas A&M,5,31,0,0.0,0,0,0,0,"0
"
CB,Josh,Miller,5 - 11,176,(So),3.0,3.5,ECU,4,14,2,0.0,0,0,0,0,"0
"
CB,William,Doyle,5 - 11,160,So,2.5,3.0,Houston,1,1,1,0.0,0,0,0,1,"0
"
OLB,Oliver,Bates,6 - 3,241,Fr,3.0,3.5,Kansas,1,5,0,0.0,0,0,0,0,"0
"
DE,Hayward,Weaver,6 - 6,273,(Sr),3.5,3.5,Washington,2,7,0,0.0,2,0,0,0,"0
"
CB,Laurent,Christensen,5 - 10,192,Jr,4.5,4.5,Army,11,63,8,0.0,0,0,0,1,"0
"
SS,Frederick,Fain,6 - 1,197,Jr,5.0,5.0,Auburn,4,14,3,0.0,0,0,0,1,"0
"
CB,Ahmad,Williams,6 - 0,168,So,2.0,3.0,Kansas State,3,10,2,0.0,0,0,0,1,"0
"
OLB,Jonah,Durham,6 - 3,244,Fr,1.0,3.0,Northwestern,1,5,0,0.0,0,0,0,0,"0
"
SS,Charles,Head,5 - 10,173,(Sr),3.0,3.0,Nevada,6,34,2,0.0,0,0,0,0,"0
"
CB,Aaron,Stiles,5 - 11,180,(Fr),2.0,5.0,Tennessee,2,4,2,0.0,0,0,0,0,"0
"
DT,Jeremy,Coburn,6 - 4,251,(Fr),1.0,2.0,Bowling Green,4,11,0,2.0,0,0,0,0,"0
"
DE,Terry,Moore,6 - 6,267,(Sr),3.5,3.5,Virginia Tech,3,13,0,4.0,0,0,0,0,"0
"
OLB,John,Rudnay,6 - 1,221,(Jr),3.5,3.5,Ole Miss,4,23,0,0.0,0,0,0,0,"0
"
OLB,Brandon,Smith,5 - 11,222,(Fr),1.5,3.5,North Texas,7,34,1,0.0,0,0,0,0,"0
"
DT,Shawn,Gunderson,6 - 6,266,Fr,1.0,4.5,Marshall,3,11,0,3.0,1,1,0,0,"0
"
ILB,Ryan,Paige,6 - 0,228,(Sr),3.5,3.5,Washington State,9,58,0,0.0,1,0,0,0,"0
"
CB,Duke,Burchfield,5 - 11,163,(Jr),4.5,4.5,North Carolina,7,24,5,0.0,0,0,0,3,"0
"
CB,Curt,Wood,5 - 10,190,Jr,4.0,4.0,Mississippi State,7,34,4,0.0,0,0,0,0,"0
"
DT,Frederick,Franco,6 - 3,267,(Sr),3.0,3.0,SMU,4,20,0,0.0,0,0,0,0,"0
"
OLB,Jamie,Price,6 - 0,240,(Fr),3.0,4.5,Ohio State,4,23,0,0.0,0,0,0,0,"0
"
CB,Kapueo,Fatu,5 - 11,165,Fr,3.0,3.0,Ohio State,1,4,1,0.0,0,0,0,0,"0
"
SS,James,Storey,6 - 1,160,Jr,1.0,2.5,Utah State,1,3,1,0.0,0,0,0,0,"0
"
ILB,Chris,Tucker,6 - 3,230,(So),3.5,4.5,Tennessee,8,58,4,0.0,0,0,0,2,"0
"
FS,Erik,Martin,5 - 11,175,Jr,2.5,2.5,Wake Forest,5,26,1,0.0,0,0,0,0,"0
"
DT,Julian,Young,6 - 7,276,(So),3.0,4.0,Minnesota,4,16,0,3.0,0,0,0,0,"0
"
DT,Charles,Camacho,6 - 6,310,Sr,2.5,2.5,Eastern Michigan,1,5,0,0.0,0,0,0,0,"0
"
CB,Dana,Nance,6 - 1,178,So,2.0,4.0,Michigan State,1,2,1,0.0,0,0,0,1,"0
"
OLB,Jack,Durrence,5 - 11,238,Sr,4.5,4.5,LSU,2,12,0,0.0,0,1,0,0,"0
"
CB,Adrian,Benitez,5 - 11,221,Jr,3.0,3.0,Georgia State,4,12,3,0.0,0,0,0,1,"0
"
FS,Manuel,Alvarez,5 - 11,171,So,2.0,3.5,New Mexico,1,4,0,0.0,0,0,0,0,"0
"
DE,Sid,Haynes,6 - 7,262,Sr,3.0,3.0,Clemson,3,9,0,3.0,0,0,0,0,"0
"
OLB,Jeffrey,Smith,6 - 1,228,Jr,1.0,2.0,Tulane,1,7,1,0.0,0,0,0,0,"0
"
CB,Paul,Johnson,6 - 1,166,(Fr),1.5,3.0,Utah State,8,39,1,0.0,0,0,0,0,"0
"
CB,Brian,Berry,5 - 11,187,(Sr),4.0,4.0,Baylor,8,30,2,0.0,0,0,0,1,"0
"
DE,Vernon,Torres,6 - 0,249,Sr,3.5,3.5,Cincinnati,2,7,0,2.0,0,0,0,0,"0
"
ILB,Ashton,Griggs,6 - 3,244,Fr,3.0,3.5,Duke,10,58,0,0.0,0,0,0,0,"0
"
OLB,Shiloh,Payne,5 - 11,234,Fr,2.0,3.5,UCF,8,44,0,0.0,1,0,0,0,"0
"
CB,Ginaldo,Reyna,5 - 11,160,Jr,3.5,4.0,Georgia,4,19,1,0.0,0,0,0,0,"0
"
DE,Jim,Pagac,6 - 7,292,(Jr),4.0,4.0,California,4,15,0,4.0,0,0,0,0,"0
"
FS,Kenneth,Walker,5 - 11,203,(So),3.0,3.5,Virginia Tech,2,9,0,0.0,0,0,0,0,"0
"
DT,Jeremy,Owen,6 - 8,290,(Sr),4.5,4.5,BYU,4,15,0,5.0,0,0,0,0,"1
"
FS,Michael,Bryan,5 - 10,177,(So),4.5,4.5,Oklahoma,4,13,3,0.0,0,0,0,0,"0
"
CB,Darron,Goldson,5 - 10,216,(So),3.5,3.5,Notre Dame,1,0,1,0.0,0,0,0,1,"0
"
CB,Jose,Soares,5 - 11,165,Jr,2.0,2.5,UCF,7,29,2,0.0,1,0,0,0,"0
"
DT,Chris,James,6 - 3,285,(Jr),4.5,4.5,North Carolina,4,22,0,1.0,0,0,0,0,"0
"
DE,Bo,Bokamper,6 - 4,259,(Jr),4.0,4.0,Washington State,2,9,0,1.0,0,0,0,0,"0
"
OLB,Asante,Willis,6 - 1,229,Jr,4.0,4.5,Kentucky,1,5,0,0.0,0,0,0,0,"0
"
ILB,Julius,Bowlin,5 - 11,236,Jr,3.0,3.0,Wake Forest,6,44,0,0.0,1,1,0,0,"0
"
DE,Fred,Garrard,6 - 3,255,Sr,3.5,3.5,Arkansas,1,1,0,1.0,0,0,0,0,"0
"
OLB,Charles,Hill,6 - 2,209,Jr,2.5,3.5,Virginia,3,18,0,0.0,0,0,0,0,"0
"
DE,Richard,Hicks,6 - 5,297,(Sr),5.0,5.0,North Carolina,4,13,0,4.5,0,0,0,0,"0
"
CB,Stephen,Mitchell - Morrison,6 - 1,203,Jr,4.5,4.5,Air Force,10,42,3,1.0,0,1,0,0,"0
"
ILB,Tunch,Richardson,5 - 11,217,Sr,5.0,5.0,Alabama,11,98,2,0.0,0,1,0,0,"0
"
OLB,Stephen,Campbell,5 - 11,234,Jr,3.5,4.0,Syracuse,7,45,0,0.0,0,0,0,0,"0
"
FS,James,Collins,5 - 9,188,Jr,1.5,2.0,Toledo,1,6,0,0.0,0,0,0,0,"0
"
OLB,Bryan,Jones,6 - 3,225,(So),3.5,4.5,Ole Miss,4,25,0,0.0,0,0,0,0,"0
"
DE,William,Parra,6 - 8,263,Sr,3.5,3.5,San Diego State,4,14,0,5.0,0,0,0,0,"0
"
CB,E.J.,Witt,6 - 0,189,Jr,2.5,2.5,Wake Forest,2,2,2,0.0,0,0,0,0,"0
"
ILB,Nicholas,Marr,6 - 4,228,(So),3.5,3.5,Purdue,11,75,1,0.0,1,1,0,0,"1
"
DT,Carl,Connor,6 - 6,285,Sr,4.5,4.5,Auburn,3,20,0,0.0,0,0,0,0,"0
"
OLB,David,Doherty,6 - 1,228,Sr,5.0,5.0,Kansas State,8,55,1,0.0,0,0,0,0,"0
"
CB,Terrence,Martin,5 - 9,151,(Jr),3.5,3.5,West Virginia,3,11,2,0.0,0,0,0,1,"0
"
DT,Mario,Hood,6 - 8,279,(Sr),4.0,4.0,Rutgers,2,5,0,2.0,0,0,0,0,"0
"
ILB,Brian,Thornton,6 - 2,227,Sr,3.5,3.5,South Carolina,7,42,0,0.0,1,3,0,0,"0
"
CB,Joseph,Allen,5 - 11,167,(Jr),3.5,3.5,Fresno State,1,5,0,0.0,0,0,0,0,"0
"
CB,Allen,Foster,6 - 1,172,Sr,4.5,4.5,Missouri,9,45,4,0.0,0,0,0,1,"0
"
FS,Marshall,Merchant,5 - 11,193,Jr,1.5,1.5,South Carolina,5,27,0,0.0,1,1,0,0,"0
"
ILB,Arthur,Moses,6 - 1,222,Fr,1.0,1.5,Utah State,1,5,0,0.0,0,0,0,0,"0
"
CB,Matt,Collins,5 - 8,172,Sr,3.5,3.5,Florida,4,17,3,0.0,0,0,0,1,"0
"
CB,Corey,Quinn,6 - 0,191,Sr,5.0,5.0,Oregon,7,45,4,0.0,0,0,0,1,"0
"
CB,Manuel,Morrison,5 - 10,186,So,1.0,2.5,Western Michigan,1,2,1,0.0,0,0,0,0,"0
"
DE,Clayton,James,6 - 6,265,Sr,4.5,4.5,Mississippi State,6,23,0,7.5,0,0,0,0,"0
"
DE,Keyshawn,Vance,6 - 2,240,Sr,4.5,4.5,Iowa,7,24,1,7.0,1,0,1,0,"0
"
DT,Jim,Kennison,6 - 1,276,Sr,4.0,4.0,Boston College,1,2,0,0.5,0,0,0,0,"0
"
SS,John,Smith,5 - 11,203,Jr,4.0,4.5,Baylor,1,3,1,0.0,0,0,0,0,"0
"
SS,Bernard,Meyers,6 - 1,162,Fr,1.0,2.0,Northern Illinois,2,8,2,0.0,0,0,0,0,"0
"
DE,Chad,Davis,6 - 1,249,So,2.5,3.5,Syracuse,1,4,0,0.0,0,0,0,0,"0
"
DE,Calvin,Patterson,6 - 4,265,Sr,2.0,2.0,Kent State,4,20,0,2.0,0,0,0,0,"0
"
ILB,Michael,Walton,5 - 11,222,(Jr),2.0,2.5,Toledo,7,45,1,0.0,0,0,0,0,"0
"
DE,Eric,Jennings,6 - 3,259,Fr,3.5,5.0,Oregon,3,9,0,4.0,1,0,0,0,"0
"
SS,Jessie,Belt,5 - 11,190,Sr,2.5,2.5,Eastern Michigan,4,13,2,0.0,0,0,0,1,"1
"
OLB,Derrick,Shaw,6 - 1,216,(Jr),3.0,3.0,Hawaii,6,34,0,0.0,0,0,0,0,"0
"
SS,John,Hall,5 - 11,188,(Jr),1.5,2.0,Western Michigan,2,8,1,0.0,0,0,0,0,"0
"
CB,Sean,Smith,6 - 1,168,(So),2.5,3.5,Wisconsin,1,2,1,0.0,0,0,0,0,"0
"
CB,Rocky,Sylvester,5 - 11,176,(So),3.5,3.5,Navy,5,26,1,0.0,0,0,0,0,"0
"
DE,Roy,Morton,6 - 5,280,(So),3.5,3.5,Army,2,7,0,2.0,0,0,0,0,"0
"
CB,D.J.,Reed,5 - 10,183,Jr,3.5,4.5,Boise State,1,2,1,0.0,0,0,0,0,"0
"
DT,Forest,Chase,6 - 4,324,So,3.0,4.0,Wake Forest,2,6,0,1.0,0,0,0,0,"0
"
DE,Juan,Hampton,6 - 4,251,So,2.5,3.5,Rice,1,3,0,1.0,0,0,0,0,"0
"
DT,Clarence,Johnson,6 - 1,264,(Sr),4.0,4.0,Arizona State,1,5,0,0.0,0,0,0,0,"0
"
SS,Gary,Robinson,6 - 0,187,So,1.0,3.0,Arizona State,2,7,2,0.0,0,0,0,0,"0
"
ILB,Royce,Kelly,6 - 3,232,So,2.5,3.0,Indiana,2,9,0,0.0,0,0,0,0,"0
"
DT,Montae,Kelly,6 - 2,299,(Jr),4.5,4.5,Michigan,3,16,0,1.0,0,0,0,0,"0
"
CB,Paul,Olson,5 - 11,174,Sr,4.5,4.5,BYU,5,21,2,0.0,0,0,0,0,"0
"
ILB,Jarius,Fletcher,6 - 4,232,Jr,2.5,3.5,Rice,8,43,1,0.0,0,0,0,0,"0
"
DT,Donald,Moore,6 - 7,326,Jr,2.5,3.0,Army,1,6,0,0.0,0,0,0,0,"0
"
DE,Wiley,Felix,6 - 0,247,So,3.0,3.0,BYU,4,10,0,3.0,0,1,0,0,"0
"
CB,Emmanuel,Walker,6 - 2,215,Jr,3.0,3.0,West Virginia,3,6,3,0.0,0,0,0,0,"0
"
OLB,John,Levin,6 - 1,237,(Jr),3.5,3.5,Air Force,11,75,0,1.0,1,0,0,0,"0
"
DT,Wilburn,Ball,6 - 6,290,(So),3.0,4.5,Notre Dame,4,16,0,3.0,0,0,0,0,"0
"
OLB,Erwin,Mendez,5 - 10,202,Sr,3.5,3.5,Purdue,10,56,1,0.0,0,0,0,0,"0
"
CB,Leonard,Bemiller,6 - 1,179,(Jr),4.0,4.0,Washington State,1,2,1,0.0,0,0,0,0,"0
"
FS,Mitchell,Dowdy,6 - 1,186,(Jr),3.0,3.0,Miami OH,4,9,4,0.0,0,0,0,0,"0
"
ILB,James,Eddy,6 - 2,239,So,1.0,4.0,Rutgers,5,28,0,0.0,0,0,0,0,"0
"
FS,Troy,Wright,6 - 2,204,So,2.0,2.5,ECU,2,10,0,0.0,0,0,0,0,"0
"
CB,Zach,Heller,6 - 3,200,(So),3.0,3.0,Boise State,1,0,1,0.0,0,0,0,1,"0
"
SS,Fernando,Acevedo,6 - 0,186,Jr,3.0,3.0,Duke,3,16,0,0.0,1,0,0,0,"0
"
DT,Forest,Williams,6 - 2,273,(Jr),4.5,4.5,Oklahoma,3,19,0,1.0,1,1,0,0,"0
"
CB,William,Fanning,5 - 9,165,(So),1.5,2.5,Miami OH,1,5,0,0.0,0,0,0,0,"0
"
DE,Todd,Wiley,6 - 0,252,(Sr),3.0,3.0,Rice,5,20,1,1.0,0,0,0,0,"0
"
CB,Tyrone,Robb,6 - 1,170,(So),3.0,3.0,Duke,9,48,1,0.0,0,1,0,1,"0
"
OLB,Benjamin,Robinson,6 - 0,240,(Fr),3.0,5.0,Boston College,10,74,0,0.5,0,0,0,0,"0
"
CB,Jason,Burgess,5 - 11,170,(So),3.0,3.0,Michigan,2,2,1,0.0,0,1,0,1,"0
"
OLB,Herb,Peko,6 - 0,226,(Sr),4.5,4.5,Nebraska,9,55,0,1.0,0,1,0,0,"0
"
ILB,Michael,Allison,6 - 0,216,(Jr),4.0,4.0,Ole Miss,6,36,0,0.0,1,1,0,0,"0
"
FS,Steven,Webb,5 - 9,183,Sr,2.0,2.0,Northern Illinois,1,5,0,0.0,0,0,0,0,"0
"
DE,Anthony,Ortiz,6 - 7,262,Jr,5.0,5.0,Oklahoma State,9,35,0,11.0,0,0,0,0,"0
"
CB,Alex,Stanford,5 - 9,194,Fr,2.0,4.0,Rutgers,1,3,1,0.0,0,0,0,1,"0
"
DT,William,Camacho,6 - 4,298,(So),4.0,4.0,Washington,4,15,0,2.0,1,2,0,0,"0
"
DE,Mike,Whitaker,6 - 0,257,(Sr),2.5,2.5,UCF,1,3,0,1.0,0,0,0,0,"0
"
DE,Eason,DeLong,6 - 1,288,(Sr),4.0,4.0,South Carolina,3,11,0,4.0,0,1,0,1,"1
"
OLB,Paul,Davis,5 - 10,212,(Fr),1.5,3.5,Tulane,6,34,0,0.0,0,0,0,0,"0
"
OLB,Joseph,Mobley,5 - 11,221,Fr,2.5,3.5,Vanderbilt,4,22,0,0.0,0,0,0,0,"0
"
DE,Darwin,Zavala,6 - 1,259,Fr,1.5,4.0,Connecticut,1,4,1,1.0,0,0,0,0,"0
"
OLB,David,Hernandez,6 - 3,242,So,3.5,3.5,Indiana,3,21,0,0.0,0,0,0,0,"0
"
FS,Jessie,Roche,5 - 9,165,Jr,1.0,2.5,San Jose State,1,5,0,0.0,0,0,0,0,"0
"
FS,Gerhard,Wilson,6 - 1,169,Sr,4.0,4.0,Texas Tech,2,8,1,0.0,0,0,0,0,"0
"
CB,Jessie,Dick,6 - 1,166,So,1.0,2.5,San Jose State,1,1,1,0.0,0,0,0,0,"0
"
ILB,Bryan,Daniels,6 - 0,218,Sr,3.5,3.5,Navy,1,5,0,0.0,0,0,0,0,"0
"
OLB,Bernard,Teague,6 - 0,237,(Fr),1.5,3.0,SMU,2,9,0,0.0,0,0,0,0,"0
"
DE,Thomas,Mughelli,6 - 6,262,(Jr),4.0,4.0,Texas,3,8,0,4.0,1,0,0,0,"0
"
SS,Jack,Hayes,5 - 10,189,(So),1.5,3.0,Ohio,1,5,1,0.0,0,0,0,0,"0
"
OLB,Troy,Hall,6 - 1,219,Jr,2.0,2.5,Wyoming,12,75,0,2.0,0,0,0,0,"0
"
DE,Dainard,Breedlove,6 - 2,273,(Jr),4.5,4.5,Georgia Tech,4,17,0,2.0,0,0,0,0,"0
"
FS,David,Koenig,5 - 10,173,Sr,4.0,4.0,Kansas State,4,23,4,0.0,0,0,0,2,"0
"
DE,Bill,Cooper,6 - 8,285,(Sr),3.0,3.0,TCU,1,0,0,1.0,0,0,0,0,"0
"
DE,Vito,Bennett,6 - 3,250,So,2.5,2.5,Georgia State,1,3,0,1.0,0,0,0,0,"0
"
OLB,Jerel,Braxton,6 - 2,221,Sr,3.0,3.0,California,5,26,0,0.0,0,0,0,0,"0
"
OLB,Paul,Goodman,6 - 2,240,Jr,5.0,5.0,Penn State,10,78,1,3.0,1,1,0,1,"0
"
DE,Ryan,Frey,6 - 6,277,(So),4.0,5.0,Miami FL,8,31,0,12.0,1,1,0,0,"0
"
OLB,Lance,Jones,5 - 11,237,(Sr),3.0,3.0,Connecticut,1,7,0,0.0,0,0,0,0,"0
"
FS,Donald,Chavous,5 - 11,175,Sr,3.5,3.5,Washington State,3,15,1,0.0,0,0,0,0,"0
"
OLB,Ahmed,London,6 - 2,239,Fr,1.0,4.5,West Virginia,4,25,0,0.0,0,0,0,0,"0
"
ILB,Gregory,Kellogg,6 - 3,235,Jr,4.0,4.5,Ohio State,4,30,1,0.0,0,0,0,0,"0
"
DE,Peter,Griggs,6 - 7,251,Sr,3.5,3.5,Kansas,3,13,0,3.0,0,0,0,0,"0
"
CB,Scott,Dewveal,5 - 8,157,Sr,2.5,2.5,NC State,1,5,0,0.0,0,0,0,0,"0
"
DE,Charles,Jones,6 - 2,253,Sr,3.0,3.0,USC,2,9,0,1.0,0,0,0,0,"0
"
DT,Hugh,Ferguson,6 - 6,298,(Jr),1.5,2.5,Miami OH,1,4,0,0.0,0,1,0,0,"0
"
DT,James,Walker,6 - 1,286,Jr,2.5,3.0,Western Michigan,1,6,0,1.0,0,0,0,0,"0
"
DE,Ernie,Bouggess,6 - 2,272,(Sr),4.0,4.0,West Virginia,1,3,0,1.0,0,0,0,0,"0
"
CB,Samuel,Shaw,6 - 0,180,(Fr),2.0,4.5,Nebraska,1,0,1,0.0,0,0,0,1,"0
"
OLB,Donald,Collier,6 - 1,205,Jr,4.5,4.5,Washington State,7,44,0,1.0,0,0,0,0,"0
"
FS,Tim,Silver,5 - 10,182,Sr,4.0,4.0,Arizona,5,23,3,0.0,2,1,0,0,"0
"
DE,Kevin,Poole,6 - 6,266,(Jr),1.5,3.0,Marshall,3,12,0,2.0,0,0,0,0,"0
"
CB,Jeffrey,Thompson,6 - 1,160,Jr,1.0,2.0,Marshall,1,5,0,0.0,0,0,0,0,"0
"
DT,Barry,Harmon,6 - 2,279,Sr,4.0,4.0,Alabama,3,8,1,2.5,0,0,0,0,"0
"
OLB,Thomas,Barry,6 - 1,225,Sr,5.0,5.0,Arizona State,1,5,0,0.0,0,0,0,0,"0
"
ILB,Zion,Adakwa,6 - 2,224,Sr,4.5,4.5,Illinois,10,71,1,0.0,1,0,0,0,"0
"
ILB,Rufus,Horn,6 - 1,218,(Jr),5.0,5.0,Washington,3,20,0,0.0,1,1,0,1,"0
"
DE,Arthur,Blevins,6 - 0,275,(Sr),3.5,3.5,Rutgers,3,7,0,3.0,0,0,0,0,"0
"
ILB,Jaime,Stewart,6 - 2,217,(So),1.5,3.0,Toledo,5,31,0,0.0,1,1,0,0,"0
"
CB,Gabriel,Blankenship,5 - 10,172,(Jr),3.5,3.5,California,1,5,0,0.0,0,0,0,0,"0
"
OLB,Matt,Okoye,5 - 11,217,(Jr),4.0,4.0,Florida State,12,79,0,2.0,1,1,0,0,"0
"
ILB,Matthew,Romero,6 - 2,224,Sr,4.0,4.0,Stanford,4,28,0,0.0,0,0,0,0,"0
"
OLB,Daquan,Darcey,6 - 4,232,Fr,3.0,5.0,TCU,7,51,0,1.0,0,1,0,0,"1
"
DE,Kevin,Olford,6 - 5,275,(Sr),4.5,4.5,Stanford,8,27,1,7.0,0,1,0,0,"2
"
CB,James,Alvarez,5 - 9,160,Sr,2.5,2.5,Ohio,3,14,1,0.0,0,0,0,0,"0
"
CB,Ricky,Vincent,5 - 8,169,Sr,2.5,2.5,Oregon,1,9,0,0.0,0,0,0,0,"0
"
DE,Robert,Thomas,6 - 3,275,Jr,4.0,4.0,Air Force,7,19,0,8.0,0,0,0,0,"0
"
ILB,Joshua,Lange,6 - 1,230,Sr,2.0,2.0,Miami OH,7,49,0,0.0,1,1,0,0,"0
"
DE,William,Lopez,6 - 6,248,Sr,3.0,3.0,Colorado State,3,11,0,4.0,0,0,0,0,"0
"
DT,Antonio,Thomas,6 - 6,266,(So),3.0,3.5,Michigan State,2,7,0,0.0,1,1,0,0,"0
"
DE,Lee,Reese,6 - 5,261,(Jr),3.0,3.0,Duke,4,19,0,1.0,0,1,0,0,"0
"
ILB,Alexander,Hardison,6 - 1,232,(Fr),2.0,4.5,Tennessee,1,5,0,0.0,0,0,0,0,"0
"
ILB,Michael,Avery,5 - 11,247,(Fr),2.5,5.0,North Carolina,5,35,0,0.0,1,2,0,0,"0
"
ILB,William,Wells,5 - 11,223,Fr,1.0,2.5,Toledo,1,5,0,0.0,0,0,0,0,"0
"
CB,Kevin,Potts,6 - 1,183,Sr,4.5,4.5,LSU,6,33,2,0.0,0,0,0,1,"0
"
ILB,Shawn,Raymond,6 - 2,233,Jr,2.0,3.0,Eastern Michigan,4,24,1,0.0,0,0,0,0,"0
"
DE,Darris,Hayes,6 - 6,289,(Sr),5.0,5.0,Ole Miss,3,11,0,3.0,1,1,0,0,"0
"
SS,Dale,Martin,5 - 10,183,(Sr),4.0,4.0,Notre Dame,6,26,5,0.0,1,1,0,1,"0
"
CB,Jack,Ramsey,6 - 2,172,(Jr),4.5,4.5,Virginia Tech,9,36,6,0.0,0,0,0,1,"0
"
DT,Andres,King,6 - 5,308,(Fr),2.0,3.5,Syracuse,2,11,0,0.0,0,0,0,0,"0
"
ILB,George,Stevens,6 - 3,238,(Fr),2.0,4.0,TCU,3,17,0,0.0,0,0,0,0,"0
"
DT,Cris,LeBaron,6 - 7,282,Sr,4.5,4.5,Virginia,4,16,0,2.0,0,0,0,0,"0
"
OLB,Anthony,Brown,6 - 1,223,(Jr),5.0,5.0,Arizona State,10,58,0,0.0,0,0,0,0,"0
"
CB,Luther,Williams,5 - 8,154,(Fr),1.0,2.5,Akron,1,10,0,0.0,0,0,0,0,"0
"
DE,Monty,Moreno,6 - 4,261,(Jr),4.5,4.5,LSU,1,4,0,1.0,0,0,0,0,"0
"
CB,Eric,Houser,5 - 9,171,So,1.5,4.5,San Jose State,7,39,2,0.0,0,0,0,0,"0
"
CB,Sean,Nedney,5 - 10,167,(Jr),3.0,3.0,Arkansas,1,1,1,0.0,0,0,0,0,"0
"
DE,Glen,Sanchez,6 - 8,274,Jr,2.5,3.0,Nevada,2,9,0,2.0,0,0,0,0,"0
"
DT,Larry,Weir,6 - 7,334,Jr,3.5,3.5,TCU,3,11,0,1.0,1,0,0,0,"0
"
DE,Jack,Daugherty,6 - 1,268,Sr,1.5,1.5,Northern Illinois,1,3,0,1.0,0,0,0,0,"0
"
CB,Ken,Tomczak,5 - 11,185,(Sr),3.5,3.5,Washington,2,8,2,0.0,0,0,0,0,"0
"
CB,Thomas,Smith,6 - 1,151,So,1.0,2.0,North Texas,2,14,0,0.0,0,0,0,0,"0
"
ILB,Derrick,Jones,5 - 11,226,Sr,3.0,3.0,Virginia Tech,4,25,0,0.0,0,0,0,0,"0
"
CB,Butch,McCullough,6 - 0,187,(Sr),4.5,4.5,Penn State,2,6,2,0.0,0,0,0,1,"0
"
CB,Cody,Hanna,5 - 11,196,(So),3.0,4.0,Clemson,5,24,3,0.0,0,0,0,0,"0
"
SS,David,Pennington,6 - 1,192,So,4.0,5.0,Vanderbilt,2,13,3,0.0,0,0,0,0,"0
"
OLB,Juan,Parra,6 - 0,231,(So),3.0,4.0,Oregon,1,5,0,0.0,0,0,0,0,"0
"
DE,Clifton,Chong,6 - 6,254,(So),3.5,4.0,Wisconsin,3,10,0,1.0,2,2,0,1,"0
"
OLB,Joel,Navarro,6 - 2,240,(Fr),2.0,3.5,Colorado State,5,31,2,0.0,0,0,0,0,"0
"
OLB,Stephen,Cannon,5 - 11,228,(So),3.5,4.5,San Diego State,10,67,0,1.0,0,0,0,0,"0
"
DE,Anthony,Williams,6 - 3,280,Sr,2.0,2.0,Toledo,2,8,0,3.0,0,0,0,0,"0
"
OLB,Frank,McCoy,6 - 2,228,(Sr),3.5,3.5,Illinois,8,50,0,0.0,0,0,0,0,"0
"
ILB,Marcus,Grant,6 - 2,239,(Jr),4.5,4.5,Notre Dame,12,99,1,0.0,1,2,0,2,"0
"
DT,Antonio,Becker,6 - 2,256,So,1.0,3.0,Ball State,5,27,0,1.0,0,0,0,0,"0
"
CB,Buddy,Cody,5 - 8,154,(Sr),3.5,3.5,Alabama,1,2,1,0.0,0,0,0,0,"0
"
DT,Anthony,Andrews,6 - 4,276,Sr,3.0,3.0,ECU,3,14,0,2.0,0,0,0,0,"0
"
FS,Nate,Gant,6 - 0,157,Jr,4.0,4.0,Oklahoma State,3,11,3,0.0,0,0,0,0,"0
"
OLB,Jesse,Molina,6 - 1,238,Jr,1.5,2.0,Buffalo,1,4,0,0.0,0,0,0,0,"0
"
OLB,Stephen,Willis,5 - 11,230,Jr,1.5,2.0,Temple,11,64,0,0.0,0,0,0,0,"0
"
FS,Kurt,Day,6 - 1,185,(Jr),2.5,3.0,Akron,3,15,1,0.0,0,0,0,1,"0
"
DE,Alvin,Welch,6 - 4,271,(Jr),4.0,4.0,Northwestern,2,7,0,2.0,0,0,0,0,"0
"
OLB,Kendyl,Mistler,6 - 1,216,Sr,3.5,3.5,Oregon,7,44,0,0.0,1,1,0,0,"0
"
OLB,Joseph,Hayes,6 - 1,231,Jr,1.5,2.0,Bowling Green,6,35,0,0.0,0,0,0,0,"0
"
DE,Preston,Bryant,6 - 8,280,Sr,5.0,5.0,Michigan State,2,7,0,3.0,0,0,0,0,"0
"
OLB,Sergio,Miller,5 - 11,227,(Fr),2.5,4.5,Alabama,3,17,0,1.0,0,0,0,0,"1
"
DT,Brad,Campbell,6 - 3,266,Sr,4.0,4.0,Wisconsin,1,12,0,0.0,0,0,0,0,"0
"
DT,Jason,Alexander,6 - 4,301,So,3.0,3.0,Texas Tech,1,0,0,0.0,0,0,0,0,"1
"
DE,John,Jones,6 - 8,268,(So),4.0,4.0,West Virginia,4,21,0,2.0,0,0,0,0,"0
"
ILB,Jimmy,Workman,6 - 0,226,(Sr),5.0,5.0,USC,6,48,0,0.0,0,0,0,0,"0
"
OLB,Jeff,Brooks,6 - 0,230,(Sr),4.5,4.5,Florida,9,62,2,1.0,0,0,0,1,"1
"
CB,Richard,Hoge,5 - 9,190,Sr,4.0,4.0,Auburn,1,3,1,0.0,0,0,0,0,"0
"
CB,Graham,Wyatt,6 - 2,173,Jr,1.5,2.5,North Texas,2,14,1,0.0,0,0,0,0,"0
"
SS,Richard,Coleman,5 - 11,163,Fr,1.0,2.5,Temple,2,7,1,0.0,0,0,0,1,"0
"
CB,Jeff,Holcombe,6 - 2,183,(Jr),3.0,3.0,Georgia,2,5,1,0.0,1,0,0,0,"0
"
CB,Benny,Hall,6 - 0,172,(Fr),2.0,3.5,Illinois,1,7,0,0.0,0,0,0,0,"0
"
OLB,Jay,McDonald,6 - 0,214,Sr,4.0,4.0,Northwestern,11,70,1,0.0,0,1,0,1,"0
"
CB,Paul,Preston,6 - 1,176,(Jr),2.0,3.0,Toledo,5,13,3,0.0,0,2,0,2,"0
"
FS,Phillip,Solomon,5 - 10,194,Sr,2.0,2.0,Ohio,4,18,1,0.0,0,0,0,0,"0
"
CB,Donald,Tucker,6 - 1,179,(Jr),4.0,4.0,Boise State,3,4,3,0.0,0,0,0,1,"0
"
DT,Roderick,Conley,6 - 5,304,So,3.0,3.0,Oregon,2,3,0,3.0,0,0,0,0,"0
"
FS,Mark,Gaston,5 - 10,205,(So),3.5,3.5,Colorado,3,13,1,0.0,0,0,0,1,"0
"
DE,Josh,Spencer,6 - 5,272,Jr,2.5,2.5,Iowa State,2,3,0,4.0,0,0,0,0,"0
"
DE,Matthew,Davis,6 - 1,269,(Fr),2.5,4.5,TCU,6,23,0,4.0,0,1,0,0,"0
"
CB,Will,Hall,5 - 10,224,Jr,5.0,5.0,USC,9,47,4,0.0,0,0,0,1,"0
"
SS,George,Russell,5 - 11,167,(So),4.0,5.0,San Diego State,4,19,2,0.0,0,0,0,0,"0
"
SS,Stephen,Turner,5 - 11,169,(So),3.5,4.0,BYU,2,5,2,0.0,0,0,0,1,"0
"
OLB,Dave,Rhodes,6 - 1,217,Sr,3.5,3.5,NC State,7,50,0,0.0,0,1,0,0,"0
"
OLB,James,Williams,6 - 1,229,Sr,1.5,1.5,Central Michigan,1,3,0,0.0,1,0,0,0,"0
"
FS,John,Coleman,6 - 2,193,So,2.5,4.0,Kentucky,1,5,0,0.0,0,0,0,0,"0
"
DT,Joseph,Blair,6 - 2,294,(Sr),4.5,4.5,Utah,3,16,0,2.0,0,0,0,0,"0
"
DE,Phillip,Tillman,6 - 3,243,(Fr),2.0,3.5,Pittsburgh,3,13,1,1.0,1,0,0,0,"0
"
OLB,Mike,Carson,6 - 1,227,Sr,1.5,1.5,Utah State,8,48,0,0.0,0,0,0,0,"0
"
FS,Kevin,Hartley,6 - 0,157,(Jr),4.5,4.5,Ole Miss,3,11,2,0.0,0,0,0,1,"0
"
CB,Hunter,Lawrence,5 - 10,176,(So),3.0,4.5,Colorado State,1,2,1,0.0,0,0,0,0,"0
"
SS,Robert,Shipp,5 - 11,204,(So),4.5,5.0,Ole Miss,1,3,1,0.0,0,0,0,1,"0
"
OLB,Joseph,Morin,6 - 1,242,Sr,2.5,2.5,Northern Illinois,2,10,0,1.0,0,0,0,0,"0
"
SS,Rob,Evans,6 - 3,182,(Jr),5.0,5.0,West Virginia,5,24,4,0.0,0,0,0,2,"0
"
OLB,Jason,Clarke,6 - 0,213,(So),3.0,3.0,Washington,6,33,0,0.0,0,1,0,0,"0
"
CB,Ben,Weber,6 - 3,161,(So),3.5,3.5,UCLA,3,8,3,0.0,0,0,0,0,"0
"
DE,Mark,Burdick,6 - 5,261,(Sr),3.0,3.0,Oregon State,1,5,0,1.0,0,0,0,0,"0
"
DE,Brett,Bailey,6 - 3,261,Sr,5.0,5.0,Auburn,4,11,0,5.0,0,0,0,0,"0
"
FS,Lance,McCrary,5 - 10,181,Sr,1.5,1.5,Rice,2,8,1,0.0,0,0,0,0,"0
"
OLB,Brett,Wilson,6 - 1,235,Jr,2.5,4.0,Louisville,7,44,1,0.0,0,0,0,1,"0
"
OLB,Steve,Windsor,6 - 0,241,Sr,4.5,4.5,Nebraska,3,18,0,0.0,0,0,0,0,"0
"
DT,Daniel,Jackson,6 - 6,290,Sr,1.0,1.0,Tulane,3,9,0,1.0,0,0,0,0,"0
"
CB,Nashville,Dawson,5 - 10,167,Sr,4.0,4.0,California,4,24,1,0.0,0,0,0,0,"0
"
CB,Jeremy,Bell,5 - 10,170,Sr,4.0,4.0,Kansas,5,25,2,0.0,0,0,0,0,"0
"
K,Marty,Jones,5 - 9,209,Sr,3.0,3.0,Bowling Green,1,3,1,0.0,0,0,0,0,"0
"
DE,Ed,O'Connor,6 - 1,260,(Sr),3.5,3.5,Rutgers,1,5,0,0.0,0,0,0,0,"0
"
OLB,Joey,Johnston,6 - 4,217,(Fr),2.5,3.5,Pittsburgh,8,47,2,0.0,0,0,0,1,"0
"
CB,Michael,Webb,5 - 8,169,Sr,2.0,2.0,Akron,5,20,2,0.0,0,0,0,1,"0
"
DT,Barry,Monk,6 - 3,287,(Fr),3.5,4.5,Purdue,7,30,1,1.0,0,0,0,0,"0
"
SS,Brian,Miles,5 - 10,165,(So),3.5,4.5,Washington,2,5,2,0.0,0,0,0,0,"0
"
SS,Todd,Graves,5 - 9,185,So,1.5,3.0,Bowling Green,3,9,3,0.0,0,0,0,2,"0
"
CB,Maury,Gregg,6 - 0,168,Sr,5.0,5.0,Penn State,8,21,7,0.0,0,0,0,1,"0
"
CB,William,Hernandez,6 - 2,166,(Fr),2.0,4.0,Minnesota,2,8,1,0.0,0,0,0,0,"0
"
OLB,Dane,Wilson,6 - 2,219,(So),3.0,3.0,Iowa State,8,48,1,0.0,0,0,0,0,"0
"
SS,Mark,Pennington,6 - 0,188,Sr,4.0,4.0,Georgia Tech,1,2,0,0.0,0,1,0,1,"0
"
ILB,James,Carson,6 - 2,231,(Fr),3.0,5.0,Kansas,2,12,0,0.0,0,0,0,0,"0
"
ILB,Jack,Bentley,6 - 0,241,Sr,4.0,4.0,Iowa,5,34,4,0.0,0,0,0,1,"0
"
DE,Demarius,Strong,6 - 4,254,(Sr),4.5,4.5,Navy,6,24,0,8.0,0,0,0,0,"0
"
FS,Clyde,Rivers,6 - 0,201,(Fr),2.5,4.5,Notre Dame,1,1,1,0.0,0,0,0,0,"0
"
FS,Stanley,Moore,6 - 1,194,Sr,3.0,3.0,Marshall,6,25,4,0.0,0,0,0,1,"0
"
FS,Frederick,Young,5 - 11,186,Jr,3.5,3.5,Kansas State,4,9,4,0.0,0,0,0,0,"0
"
DT,John,Collins,6 - 7,285,Jr,2.0,3.0,Ohio,3,15,0,1.0,0,0,0,0,"0
"
OLB,Edward,Mills,6 - 2,215,(Fr),1.5,3.0,Kent State,6,32,1,0.0,0,0,0,0,"0
"
DT,Joseph,Rouse,6 - 4,300,(So),4.0,4.0,Stanford,2,10,0,2.0,1,1,0,1,"0
"
OLB,Eric,Mandley,6 - 1,218,Sr,3.0,3.0,Georgia Tech,3,17,0,0.0,0,0,0,0,"0
"
OLB,Jerramy,Glass,5 - 11,225,(Jr),3.0,3.0,Colorado,1,6,0,0.0,0,0,0,0,"0
"
DE,Donald,Nesbitt,6 - 0,271,So,2.5,2.5,Houston,2,7,0,2.0,0,0,0,0,"0
"
SS,Tracy,Macklin,5 - 11,169,(Sr),3.0,3.0,Oregon,4,15,3,0.0,0,0,0,0,"0
"
SS,Joseph,Williams,5 - 11,198,(So),4.0,4.0,Florida,3,16,1,0.0,0,0,0,0,"0
"
CB,Paul,Smith,5 - 11,187,(Fr),2.5,3.0,Clemson,1,0,1,0.0,0,0,0,1,"0
"
SS,Perry,Lee,6 - 1,192,(Fr),3.0,4.0,Minnesota,1,8,0,0.0,0,0,0,0,"0
"
OLB,Lynn,Peterson,5 - 11,209,Sr,4.0,4.0,Iowa,5,30,1,0.0,0,0,0,0,"0
"
DE,Raymond,Jarvis,6 - 7,271,Sr,3.0,3.0,Colorado State,7,29,0,5.0,0,0,0,0,"0
"
SS,Charles,Johnson,5 - 11,178,Jr,3.0,3.0,Wake Forest,3,12,1,0.0,0,0,0,1,"0
"
OLB,Leo,Jordan,6 - 0,228,Jr,2.5,2.5,SMU,7,34,0,0.0,0,0,0,0,"0
"
OLB,Samuel,Lewis,6 - 2,210,Sr,2.0,2.5,Mississippi State,1,6,0,0.0,0,0,0,0,"0
"
??,Joe,Galloway,? - ??,???,(??),??,??,Cincinnati,2,3,2,0.0,0,0,0,2,"0
"
CB,Jaylen,Harris,5 - 10,173,Jr,4.0,4.5,Louisville,5,25,2,0.0,0,0,0,1,"0
"
CB,Travis,Bradley,6 - 0,177,(Sr),3.5,3.5,Army,2,7,1,0.0,0,0,0,0,"0
"
OLB,Dennis,Himes,6 - 0,228,(Fr),2.5,5.0,Oklahoma,2,13,0,0.0,0,0,0,0,"0
"
CB,Shaun,Ekern,5 - 11,186,Sr,3.5,3.5,Notre Dame,1,2,1,0.0,0,0,0,1,"0
"
DE,Robert,Crews,6 - 4,270,Sr,4.0,4.0,Boise State,6,24,0,7.0,0,1,0,0,"0
"
DE,James,Sowell,6 - 2,254,Sr,3.5,3.5,NC State,2,2,0,2.0,0,0,0,0,"0
"
FS,Gordon,Ford,5 - 11,188,Jr,2.0,3.5,Ball State,4,18,1,0.0,0,0,0,0,"0
"
DE,James,Acosta,6 - 6,280,(So),4.0,4.0,Minnesota,4,9,0,5.0,0,0,0,0,"0
"
SS,Kevin,Jackson,6 - 2,187,(Sr),4.0,4.0,Virginia,4,26,1,0.0,0,0,0,0,"0
"
OLB,Adam,Taylor,6 - 3,227,Jr,3.0,4.5,Rice,7,42,1,0.0,0,0,0,0,"0
"
DE,Ricky,Mayo,6 - 6,251,(So),4.5,4.5,Vanderbilt,5,18,0,5.0,0,0,0,0,"0
"
CB,John,McElroy,6 - 1,188,(Sr),3.5,3.5,Fresno State,5,21,5,0.0,0,0,0,2,"0
"
CB,Blake,Jones,6 - 1,184,Sr,2.5,2.5,Ball State,1,2,1,0.0,0,0,0,0,"0
"
OLB,John,Taylor,6 - 3,243,So,3.5,3.5,Indiana,9,55,0,0.0,0,0,0,0,"0
"
OLB,Harold,Kennedy,6 - 2,205,(So),4.5,4.5,UCLA,6,45,1,0.0,0,0,0,1,"0
"
DE,Travian,Rodgers,6 - 0,261,Sr,4.0,4.0,Tennessee,2,7,0,2.0,0,0,0,0,"0
"
DE,David,Wilburn,6 - 6,269,(Jr),2.5,3.5,Akron,3,8,0,4.0,0,0,0,0,"0
"
OLB,Ernesto,Leung,6 - 2,229,Sr,2.5,2.5,Western Michigan,6,37,0,1.0,0,0,0,0,"0
"
DT,David,Medley,6 - 7,310,So,4.5,5.0,Colorado,4,22,0,1.0,0,0,0,0,"0
"
SS,Kyle,Reeder,6 - 2,178,Jr,2.0,3.0,San Jose State,4,21,2,0.0,0,0,0,1,"0
"
OLB,Al,Graff,6 - 2,215,Sr,4.0,4.0,Missouri,10,66,1,0.0,0,0,0,0,"0
"
OLB,Charlie,Johnson,6 - 2,230,(Sr),5.0,5.0,South Carolina,9,70,0,3.0,2,1,0,0,"0
"
??,Michael,Ayanbadejo,? - ??,???,(??),??,??,Arkansas,5,21,2,0.0,0,0,0,0,"0
"
OLB,Alan,Smith,6 - 2,223,(Jr),4.0,4.5,Virginia,4,23,1,0.0,0,0,0,0,"0
"
DE,Mitchell,Warren,6 - 1,277,So,1.5,3.0,Central Michigan,2,4,0,2.0,0,0,0,0,"0
"
SS,Corey,Davis,6 - 2,195,Fr,3.5,5.0,Pittsburgh,3,15,4,0.0,1,0,0,0,"0
"
FS,Dustin,Williams,5 - 11,169,Jr,4.0,4.0,Georgia Tech,7,35,4,0.0,1,0,0,2,"0
"
DE,Richard,Gonzalez,6 - 7,253,(So),3.5,4.5,Colorado,3,16,0,1.0,0,0,0,0,"0
"
SS,Alfonso,Tran,5 - 10,177,Jr,3.5,3.5,Georgia State,1,5,1,0.0,0,0,0,0,"0
"
OLB,Stephen,Taylor,5 - 10,211,(So),2.0,3.5,Akron,5,30,0,0.0,0,0,0,0,"0
"
DT,Edward,Roberts,6 - 7,319,So,3.0,3.5,UCF,3,15,0,2.0,0,0,0,0,"0
"
ILB,Chris,Jackson,6 - 0,229,(Sr),3.5,3.5,Virginia,7,48,1,0.0,0,0,0,0,"0
"
CB,Daniel,Stephenson,5 - 9,175,Sr,2.0,2.0,New Mexico,1,1,1,0.0,0,0,0,1,"0
"
ILB,Jeff,Boyd,6 - 1,220,(Jr),3.5,3.5,Florida State,4,26,0,0.0,0,0,0,0,"0
"
DT,Jose,McIntyre,6 - 2,319,So,2.5,4.0,Mississippi State,3,14,0,0.5,0,0,0,0,"0
"
CB,David,Carter,5 - 9,176,Sr,3.5,3.5,Boston College,8,33,3,0.0,0,0,0,1,"0
"
CB,Charles,Gomez,6 - 0,166,Sr,3.5,3.5,Kansas State,6,21,4,0.0,0,0,0,0,"0
"
ILB,Daniel,Felder,5 - 9,225,Sr,3.0,3.0,Indiana,3,17,0,0.0,0,0,0,0,"0
"
CB,Shawn,Rhoades,6 - 1,180,So,2.0,4.0,Oregon,3,17,1,0.0,0,0,0,0,"0
"
DT,Nathan,Knowlton,6 - 6,277,Sr,5.0,5.0,Boise State,2,9,0,0.0,1,0,0,0,"0
"
ILB,Johnny,Boston,6 - 1,232,Sr,4.0,4.0,Minnesota,5,28,0,0.0,1,1,0,0,"0
"
CB,Jon,Miller,6 - 1,181,Sr,2.5,2.5,Connecticut,5,19,3,0.0,0,0,0,1,"0
"
ILB,Dennis,Nelson,6 - 1,229,(Jr),2.0,2.5,San Jose State,9,62,0,0.0,0,0,0,0,"0
"
CB,Dennis,Gradishar,5 - 11,163,(Jr),3.0,3.0,Washington,1,0,1,0.0,0,0,0,1,"0
"
OLB,Desmond,Rogers,6 - 0,221,Sr,3.0,3.0,Rice,2,12,0,0.0,0,0,0,0,"0
"
OLB,John,Dailey,6 - 1,231,Sr,3.5,3.5,Illinois,4,21,0,0.0,0,0,0,0,"0
"
CB,Stewart,Cook,6 - 0,166,Sr,3.5,3.5,Pittsburgh,3,6,3,0.0,0,0,0,1,"0
"
CB,Marcus,Rodriguez,5 - 10,176,(Jr),1.5,2.0,San Jose State,1,1,1,0.0,0,0,0,0,"0
"
ILB,Hunter,Taylor,6 - 2,231,Sr,4.0,4.0,Washington,7,52,1,0.0,1,0,0,0,"0
"
DE,Jesus,Brooks,6 - 8,259,(Sr),4.0,4.0,Maryland,3,11,0,3.0,0,0,0,0,"0
"
CB,Shaun,Cunningham,6 - 2,175,(So),3.0,3.0,Texas Tech,8,37,2,0.0,1,0,0,0,"0
"
FS,Onome,Smith,6 - 1,191,(Jr),4.5,4.5,California,3,16,0,0.0,0,0,0,0,"0
"
OLB,Timothy,Carpenter,6 - 3,207,Jr,3.5,3.5,USC,4,25,0,0.0,0,0,0,0,"0
"
CB,Raymond,Thompson,6 - 2,179,(Fr),1.0,2.5,Marshall,3,13,1,0.0,0,0,0,1,"0
"
ILB,Freddy,Suarez,6 - 2,226,(Jr),4.5,4.5,Maryland,5,35,0,0.0,0,0,0,0,"0
"
CB,Cameron,Marshall,5 - 10,178,Jr,2.5,2.5,Rice,5,28,1,0.0,0,0,0,1,"0
"
ILB,William,Newman,5 - 11,218,(Fr),1.0,2.5,Buffalo,7,37,0,1.0,2,1,0,0,"0
"
ILB,David,Garcia,6 - 1,238,So,1.5,3.5,Kent State,2,12,1,0.0,1,1,0,1,"0
"
OLB,Patrick,Hudson,6 - 2,237,Jr,2.5,3.0,Central Michigan,8,43,1,0.0,0,1,0,1,"0
"
FS,Tom,Waller,5 - 9,172,Sr,3.0,3.0,Oregon,4,20,1,0.0,0,0,0,0,"0
"
DT,Frank,Jones,6 - 5,295,Sr,4.5,4.5,Iowa,5,22,0,4.0,1,1,0,0,"0
"
FS,Clyde St.,Pierre,6 - 0,175,Jr,4.5,4.5,San Diego State,1,3,0,1.0,0,0,0,0,"0
"
DT,Mark,Walsh,6 - 8,317,So,3.5,4.5,Arkansas,3,11,0,3.0,0,0,0,0,"0
"
SS,Anthony,Contreras,5 - 11,194,Sr,2.5,2.5,Toledo,2,8,2,0.0,0,0,0,1,"0
"
DT,Doug,Allotey,6 - 6,271,(Jr),4.0,4.0,Florida,3,12,0,2.5,0,0,0,0,"0
"
DT,Anthony,Beltran,6 - 5,299,Jr,4.5,5.0,Penn State,9,37,0,10.0,1,1,0,0,"1
"
CB,Malcolm,Williams,6 - 2,174,Sr,3.0,3.0,Minnesota,5,22,2,0.0,1,0,0,2,"0
"
CB,Mike,Gradishar,5 - 10,166,Sr,5.0,5.0,Alabama,8,28,8,0.0,0,0,0,0,"0
"
DE,Charlie,Morrall,6 - 1,267,(Jr),3.5,4.0,Virginia,4,16,0,5.0,0,0,0,0,"0
"
ILB,Michael,Avery,6 - 1,232,Jr,2.0,3.0,Ball State,2,15,0,0.0,0,0,0,0,"0
"
CB,Dan,Weaver,5 - 9,169,(Jr),4.5,4.5,Purdue,3,10,2,0.0,0,0,0,1,"0
"
DE,Gustavo,Adcock,6 - 3,271,(So),4.5,4.5,LSU,4,15,0,4.0,0,0,0,0,"0
"
DT,Turk,Davis,6 - 3,268,Sr,4.5,4.5,Georgia,3,15,0,1.0,0,0,0,0,"0
"
DE,Charles,Thompson,6 - 5,290,Sr,3.5,3.5,Wyoming,6,24,0,5.0,0,0,0,0,"0
"
OLB,Kenneth,Greene,6 - 1,222,(Jr),2.0,2.5,Miami OH,5,32,0,0.0,1,0,0,0,"0
"
DE,Brad,Garrett,6 - 3,256,Jr,2.0,2.0,California,1,2,0,1.0,0,0,0,0,"0
"
FS,Christopher,Payne,6 - 1,205,Sr,4.5,4.5,Fresno State,4,21,4,0.0,0,0,0,1,"0
"
OLB,David,Young,6 - 1,229,(Jr),1.5,2.0,Eastern Michigan,5,28,0,1.0,0,0,0,0,"0
"
DE,Adam,Williams,6 - 8,266,(Jr),4.0,4.5,Purdue,3,10,0,5.0,1,1,0,1,"0
"
DE,Jason,Johnson,6 - 3,264,Sr,4.0,4.0,Penn State,3,11,0,3.0,0,1,0,0,"0
"
FS,Edward,Gallagher,6 - 1,214,So,3.0,4.5,USC,4,23,0,0.0,0,0,0,0,"1
"
DT,John,Morgan,6 - 8,255,Sr,4.0,4.0,Kansas,4,17,0,1.0,0,0,0,0,"0
"
OLB,Brent,Ouellette,6 - 3,232,(So),4.0,4.5,Georgia Tech,11,72,0,0.0,1,1,0,0,"0
"
DE,Emmett,O'Connell,6 - 8,280,Sr,3.0,3.0,South Carolina,1,6,0,0.0,0,0,0,0,"0
"
DT,Tony,Fryzel,6 - 2,262,Sr,3.0,3.0,Louisville,3,12,0,1.0,1,0,0,0,"0
"
DE,Robert,Duckworth,6 - 4,280,(So),2.5,3.5,Vanderbilt,2,6,0,2.0,0,0,0,0,"0
"
OLB,Alton,Drazenovich,6 - 1,217,(Jr),4.5,4.5,LSU,4,23,0,0.0,0,0,0,0,"0
"
FS,Jon,Thomas,6 - 0,197,(Jr),4.5,4.5,Texas,3,16,1,0.0,0,0,0,0,"0
"
DT,Jude,Ferry,6 - 2,314,Fr,3.0,4.0,Vanderbilt,1,3,1,0.0,0,0,0,0,"0
"
OLB,C.J.,Sewell,6 - 2,228,Fr,2.0,3.0,UCF,2,11,1,0.0,0,0,0,0,"0
"
CB,Donald,Lovell,5 - 8,172,(Jr),3.0,3.0,ECU,1,4,0,0.0,0,0,0,0,"0
"
CB,Josiah,Phelps,6 - 3,173,Jr,3.0,3.0,Arizona State,1,5,1,0.0,0,0,0,0,"0
"
SS,R.J.,Dix,6 - 1,189,(Jr),4.0,4.0,Virginia,2,11,0,0.0,0,0,0,0,"0
"
ILB,David,Alford,6 - 0,221,(So),4.0,4.0,BYU,6,36,0,0.0,1,0,0,0,"0
"
CB,Juan,Felton,6 - 1,188,Jr,1.5,2.0,Buffalo,1,2,1,0.0,0,0,0,0,"0
"
SS,Christopher,Hatton,5 - 10,194,So,1.5,3.5,Utah State,2,11,0,0.0,0,0,0,0,"0
"
OLB,Tanner,Jones,6 - 0,241,So,3.0,3.0,Cincinnati,7,42,1,1.0,0,0,0,0,"1
"
CB,John,Marshall,6 - 1,171,Sr,3.5,3.5,Texas A&M,7,31,2,0.0,0,0,0,0,"0
"
DE,Shamar,Manning,6 - 1,276,(Jr),4.0,4.5,Florida State,2,7,0,2.0,0,0,0,0,"0
"
ILB,Ahmad,Quayle,6 - 2,221,(Jr),3.5,3.5,Texas Tech,6,38,0,0.0,1,0,0,0,"0
"
DE,Michael,Bruce,6 - 8,252,(So),3.5,4.5,Texas Tech,8,46,0,3.0,1,2,0,1,"0
"
SS,Pedro,Boone,5 - 10,179,(Sr),2.5,2.5,Colorado State,1,2,1,0.0,0,0,0,0,"0
"
OLB,John,Cummings,6 - 2,218,(Sr),3.0,3.0,San Diego State,1,5,0,0.0,0,0,0,0,"0
"
ILB,Ernie,Crawford,6 - 1,220,(Fr),3.0,4.5,Oklahoma,7,47,0,0.0,0,0,0,0,"0
"
OLB,William,Cormier,6 - 1,209,Sr,2.5,2.5,Cincinnati,3,18,0,0.0,0,0,0,0,"0
"
DE,Anthony,Williams,6 - 2,253,So,3.5,3.5,Washington State,4,16,0,3.0,0,1,0,0,"0
"
ILB,Paul,Ingram,6 - 1,245,Sr,4.0,4.0,Cincinnati,7,45,1,0.0,1,1,0,0,"0
"
OLB,Bobby,Moore,6 - 1,247,Sr,3.0,3.0,Ohio,8,48,1,0.0,1,0,0,1,"0
"
DE,James,Duncan,6 - 3,258,(Sr),4.5,4.5,Utah,5,16,0,5.0,0,0,0,0,"0
"
FS,Oronde,Jackson,5 - 10,173,Jr,5.0,5.0,Air Force,1,5,1,0.0,0,0,0,1,"0
"
CB,James,Ortiz,5 - 10,195,(Fr),2.0,4.0,Kentucky,1,6,0,0.0,0,0,0,0,"0
"
SS,James,Shade,6 - 0,194,So,4.0,4.0,Texas,2,12,1,0.0,0,0,0,1,"0
"
DT,Tommy,Brooks,6 - 7,285,Sr,5.0,5.0,Texas A&M,4,19,0,1.0,1,0,0,0,"0
"
DE,Walter,Moore,6 - 1,285,Sr,2.5,2.5,Ohio,5,18,0,5.0,0,0,0,0,"0
"
DE,Freeman,Schubert,6 - 6,260,(Jr),4.5,4.5,Arizona State,5,22,0,4.0,0,0,0,0,"0
"
DT,Kenny,Knutson,6 - 4,283,Sr,4.0,4.0,Ohio State,4,22,0,0.0,0,0,0,0,"0
"
OLB,Lynn,Nwokorie,6 - 2,234,(Sr),4.0,4.0,Michigan,5,31,0,0.0,0,1,0,0,"0
"
ILB,David,Dunlap,6 - 1,240,(Fr),2.5,3.0,SMU,9,48,2,0.0,0,0,0,1,"0
"
CB,Antwan,Lewis,5 - 11,178,Sr,3.5,3.5,Colorado,6,28,2,0.0,0,0,0,0,"0
"
SS,Michael,Thompson,5 - 11,166,Jr,3.0,3.0,Washington State,2,11,0,0.0,0,0,0,0,"0
"
DE,Marcellus,Warrick,6 - 1,255,(Jr),3.5,3.5,UCLA,3,9,0,4.0,0,0,0,0,"0
"
CB,Jim,Dupre,6 - 2,182,(Sr),5.0,5.0,Nebraska,2,9,2,0.0,0,0,0,2,"0
"
ILB,Kevin,Hanley,6 - 1,216,(Fr),2.0,4.0,Tulane,12,69,1,1.0,1,1,0,0,"0
"
CB,Antonio,Hotchkiss,5 - 9,187,Sr,4.5,4.5,Ohio State,6,19,5,0.0,0,1,0,0,"0
"
CB,Shane,Easter,6 - 1,166,Fr,3.0,3.5,ECU,1,2,1,0.0,0,0,0,1,"0
"
SS,Raymond,Woods,5 - 11,197,Fr,3.0,4.0,Missouri,1,6,0,0.0,0,0,0,0,"0
"
ILB,John,Fay,6 - 1,254,(So),2.0,3.5,Central Michigan,7,34,0,0.0,0,0,0,0,"0
"
FS,Martin,Hernandez,74,197,So,2.5,4.5,Miami FL,4,15,3,0.0,1,0,0,0,"0
"
OLB,Timothy,Smith,5 - 11,212,(Jr),3.5,4.5,Arizona,1,6,0,0.0,0,0,0,0,"0
"
CB,Adam,Page,6 - 0,197,Jr,3.0,3.0,Navy,1,3,1,0.0,0,0,0,1,"0
"
SS,Julio,Barnes,5 - 11,194,Jr,4.5,4.5,Utah,6,28,3,0.0,0,0,0,0,"0
"
SS,Brad,Thomas,5 - 11,191,(Jr),2.5,2.5,NC State,3,16,1,0.0,0,0,0,1,"0
"
CB,Sammy,Pace,5 - 8,171,Sr,3.5,3.5,NC State,7,26,4,0.0,0,0,0,2,"0
"
FS,John,Macias,6 - 0,173,Jr,3.0,3.0,West Virginia,1,6,0,0.0,0,0,0,0,"0
"
CB,Brooks,Munson,6 - 0,146,Sr,2.0,2.0,Rice,1,5,0,0.0,0,0,0,0,"0
"
ILB,Bryce,O'Donnell,6 - 1,217,(Jr),4.0,4.0,Boston College,6,43,0,0.0,0,0,0,0,"0
"
ILB,Peyton,Roaches,6 - 2,224,(Jr),4.5,5.0,LSU,11,88,1,0.0,0,0,0,0,"0
"
OLB,Kevin,Womack,6 - 0,216,(Sr),3.5,3.5,Ohio State,10,65,1,0.0,1,0,0,0,"0
"
ILB,Dewey,Tomlinson,5 - 11,220,Sr,4.5,4.5,Oklahoma State,5,31,2,0.0,0,0,0,0,"0
"
OLB,Allen,Daniel,6 - 2,236,So,2.5,2.5,Tennessee,1,5,0,0.0,0,0,0,0,"0
"
DT,Micheal,Black,6 - 5,281,(So),4.0,4.5,UCLA,4,13,0,4.0,0,0,0,0,"0
"
DE,Keith,Hood,6 - 1,266,(Jr),4.0,4.0,Iowa,2,6,0,3.0,0,0,0,0,"0
"
OLB,Charley,Graham,5 - 11,224,Sr,4.5,4.5,UCLA,6,43,0,0.0,0,0,0,0,"0
"
OLB,Mike,Matthews,6 - 2,209,Sr,4.0,4.0,Wisconsin,10,84,0,0.0,0,1,0,0,"0
"
DT,Keith,Shaffer,6 - 7,281,So,1.5,3.5,Miami OH,2,7,0,2.0,1,1,0,0,"0
"
DE,Jim,Stroud,6 - 1,251,(Jr),3.0,3.0,Syracuse,1,2,0,2.0,0,0,0,0,"0
"
SS,David,Boyle,6 - 1,180,So,1.0,2.0,Central Michigan,4,17,2,0.0,0,0,0,0,"0
"
OLB,Chris,Reed,6 - 1,230,Sr,4.5,4.5,Oklahoma State,3,25,1,0.0,0,0,0,1,"0
"
ILB,Nelson,Barry,5 - 11,225,So,2.5,3.0,Connecticut,7,43,1,1.0,0,0,0,0,"0
"
DT,Jim,Jones,6 - 3,252,(Jr),2.5,3.0,Syracuse,2,10,0,0.0,0,0,0,0,"0
"
CB,Jesse,Solano,5 - 11,176,Sr,4.0,4.0,Cincinnati,7,26,6,0.0,0,0,0,1,"0
"
CB,Brian,Page,5 - 11,179,(Fr),1.0,2.5,Kent State,1,0,1,0.0,0,0,0,0,"0
"
FS,LaMichael,Jones,6 - 3,173,Sr,4.0,4.0,Stanford,4,11,4,0.0,0,0,0,0,"0
"
CB,Robert,Morris,5 - 10,158,(So),2.5,3.5,Northern Illinois,7,24,4,1.0,0,0,0,0,"0
"
CB,Frederick,Harper,6 - 2,213,Jr,4.0,4.0,Hawaii,5,25,2,0.0,0,0,0,0,"0
"
SS,James,Sanchez,5 - 10,174,(Fr),2.5,4.0,Hawaii,3,31,0,0.0,0,0,0,0,"0
"
OLB,Allen,Wooten,6 - 2,233,(So),1.0,2.5,Utah State,1,5,0,0.0,0,0,0,0,"0
"
OLB,William,Tipton,6 - 4,213,(So),3.0,3.0,Army,5,31,1,0.0,0,0,0,0,"0
"
OLB,David,Robinson,6 - 1,233,Sr,4.0,4.0,Kansas,9,62,2,0.0,0,0,0,0,"0
"
DT,Ian,Lanier,6 - 3,323,Fr,2.5,3.5,Colorado State,7,34,0,3.0,0,0,0,0,"0
"
FS,Keith,Farr,6 - 0,174,(Jr),5.0,5.0,Syracuse,2,6,1,0.0,0,0,0,0,"0
"
CB,Teddy,Walker,5 - 11,177,So,4.5,5.0,Kentucky,7,33,3,0.0,0,0,0,0,"0
"
CB,Andrew,Faulkner,6 - 0,176,Sr,4.0,4.0,Cincinnati,2,6,1,0.0,0,0,0,0,"0
"
CB,Rolando,Olafson,6 - 1,190,Jr,4.0,4.0,Notre Dame,4,15,3,0.0,0,0,0,0,"0
"
SS,Jake,Raymond,5 - 10,189,(Jr),4.0,4.0,Illinois,2,9,1,0.0,0,0,0,0,"0
"
DE,Ron,Rasby,6 - 1,275,(Jr),4.0,4.0,Michigan,4,11,2,2.0,0,0,0,1,"0
"
CB,Stephen,Logan,5 - 10,193,(Sr),3.0,3.0,Army,4,19,2,0.0,0,0,0,2,"0
"
DE,Joseph,Spencer,6 - 1,262,(So),2.0,2.0,New Mexico,1,1,0,1.0,0,0,0,0,"0
"
CB,Roy,Britt,6 - 1,155,(Fr),1.0,2.0,Tulane,1,6,0,0.0,0,0,0,0,"0
"
CB,Reese,Thomas,5 - 9,176,(Jr),3.0,3.0,South Carolina,6,33,1,0.0,0,0,0,0,"0
"
DT,Michael,Carroll,6 - 8,265,(So),4.5,5.0,Hawaii,6,27,0,1.5,1,0,0,0,"0
"
OLB,John,Hayes,6 - 0,220,Sr,3.0,3.0,Navy,7,39,0,0.0,0,0,0,0,"0
"
DE,Robert,Garrison,6 - 1,261,(Jr),2.5,3.0,Bowling Green,3,9,0,3.0,0,0,0,0,"0
"
CB,Randall,Murphy,6 - 1,153,Sr,3.5,3.5,Clemson,1,3,1,0.0,0,0,0,1,"0
"
ILB,Sean,Gomez,6 - 0,235,Sr,3.0,3.0,ECU,6,36,0,1.0,0,0,0,0,"0
"
FS,Rodrigo,Lee,6 - 1,174,Sr,2.0,2.0,Temple,4,15,2,0.0,0,0,0,0,"0
"
OLB,Eli,Miranda,6 - 1,228,Fr,1.0,3.0,Nevada,5,31,0,0.0,0,0,0,0,"0
"
DT,Norman,Page,6 - 6,310,(Fr),2.5,3.5,Iowa State,2,7,0,2.0,0,0,0,0,"0
"
OLB,Santiago,Glover,6 - 4,230,So,3.0,3.0,Stanford,5,28,0,0.0,0,0,0,0,"0
"
OLB,Francisco,Buckley,6 - 1,221,Sr,2.0,2.0,Buffalo,7,42,0,1.0,0,0,0,0,"0
"
ILB,Timothy,Kim,6 - 1,222,(Fr),1.0,3.5,Akron,8,47,0,0.0,0,0,0,0,"0
"
FS,Frank,Malone,5 - 11,187,So,3.0,3.0,Minnesota,5,13,4,0.0,0,0,0,1,"0
"
ILB,Dale,Caudill,6 - 1,220,Sr,3.5,3.5,Northwestern,9,66,0,0.0,1,0,0,0,"0
"
CB,Daron,Haag,6 - 3,177,Jr,4.0,4.0,Arizona,8,49,2,0.0,0,1,0,0,"0
"
FS,Michael,Hunter,5 - 11,165,Sr,3.5,3.5,Pittsburgh,1,3,1,0.0,0,0,0,0,"0
"
OLB,Eric,Barton,6 - 0,215,Jr,3.0,3.0,Auburn,5,34,2,0.0,0,0,0,0,"0
"
ILB,John,Harris,5 - 11,232,Sr,2.0,2.0,Nevada,3,18,0,0.0,0,0,0,0,"0
"
DE,Marcus,Carver,6 - 7,286,Sr,4.0,4.0,Florida,2,5,0,4.0,0,0,0,0,"0
"
ILB,Bob,Hanks,6 - 0,225,(Jr),4.5,4.5,Auburn,8,52,1,0.0,0,0,0,0,"0
"
DE,Cliff,Marconi,6 - 2,267,Sr,5.0,5.0,Florida State,6,21,1,6.0,0,0,0,0,"0
"
FS,Sean,Dingle,5 - 11,180,(Sr),3.5,3.5,North Carolina,3,11,2,0.0,0,0,0,0,"0
"
ILB,Jay,Cash,6 - 0,242,(Jr),4.0,4.0,UCLA,6,45,3,1.0,0,0,0,0,"0
"
CB,Kasper,Einstein,5 - 10,190,Fr,2.5,3.5,Northwestern,4,22,0,0.0,0,0,0,0,"0
"
ILB,Phillip,Thomas,6 - 2,231,Jr,2.5,3.5,Bowling Green,6,40,0,0.0,1,1,0,0,"0
"
FS,Charlie,Ward,5 - 11,176,Jr,1.5,1.5,Oregon State,3,13,1,0.0,0,0,0,0,"0
"
FS,James,Cooke,6 - 3,176,Sr,3.5,3.5,Arizona State,2,7,1,0.0,0,0,0,0,"0
"
DT,Carnell,Meadows,6 - 5,273,Sr,5.0,5.0,Nebraska,6,28,1,3.0,0,0,0,0,"0
"
OLB,Mike,Hulsey,6 - 1,233,So,2.0,4.5,Oregon,2,8,0,0.0,0,1,0,0,"0
"
FS,Thomas,Gamble,6 - 1,197,Jr,3.5,3.5,Penn State,4,13,3,0.0,0,0,0,1,"0
"
DT,John,Crawford,6 - 4,306,So,3.0,3.5,San Diego State,2,12,0,0.0,0,0,0,0,"0
"
SS,William,Oliver,6 - 3,199,So,3.5,3.5,Indiana,1,4,1,0.0,0,0,0,0,"0
"
CB,Scott,Brodhead,6 - 2,183,(Sr),3.5,3.5,Florida,2,11,0,0.0,0,0,0,0,"0
"
DE,James,Finney,6 - 3,293,So,2.5,4.5,Ball State,6,21,0,7.0,0,0,0,0,"0
"
OLB,Blue,Moss,6 - 1,227,(Sr),3.5,3.5,Florida State,2,14,0,0.0,0,0,0,0,"0
"
DT,Kris,Lewis,6 - 3,274,Sr,4.5,4.5,Clemson,5,21,0,2.0,0,0,0,0,"1
"
FS,Tommy,Harris,6 - 1,197,Sr,2.5,2.5,Utah State,2,12,0,0.0,0,0,0,0,"0
"
FS,Marion,Ekern,5 - 9,169,Sr,4.0,4.0,Alabama,2,7,2,0.0,0,0,0,0,"0
"
OLB,Joseph,Pickens,6 - 0,215,Sr,2.0,2.0,Utah,1,8,0,0.0,0,0,0,0,"0
"
OLB,Christopher,Grant,6 - 1,242,Sr,3.5,3.5,Oregon State,7,41,0,0.0,0,0,0,0,"0
"
ILB,Daniel,Watkins,6 - 0,231,So,2.5,5.0,Louisville,6,44,0,2.0,1,1,0,1,"0
"
CB,Daniel,Mendoza,6 - 1,180,(Fr),1.0,3.5,Eastern Michigan,1,5,0,0.0,0,0,0,0,"0
"
DE,Joey,Green,6 - 1,260,(Jr),4.5,4.5,Boston College,8,30,0,6.0,0,0,0,0,"0
"
DT,Joseph,Perez,6 - 2,328,(Fr),2.5,3.5,Baylor,6,21,0,2.0,0,0,0,0,"0
"
FS,Jake,Pugh,5 - 11,193,Sr,4.0,4.0,Florida State,4,15,4,0.0,0,0,0,0,"0
"
??,Jayshawn,White,? - ??,???,(??),??,??,Boise State,1,5,0,0.0,0,0,0,0,"0
"
OLB,Santiago,Brown,6 - 4,228,Jr,3.5,3.5,New Mexico,11,69,0,1.0,1,1,0,0,"0
"
OLB,Eddie,Howard,6 - 3,232,So,2.0,3.0,Army,1,5,1,0.0,0,0,0,0,"0
"
CB,Freddy,Brown,5 - 11,147,(So),4.0,4.0,SMU,3,9,4,0.0,0,0,0,1,"0
"
FS,Henry,Smith,5 - 11,167,Jr,4.0,4.5,Georgia,4,12,3,0.0,0,1,0,1,"0
"
CB,Jayshawn,Johnson,6 - 1,225,(So),3.0,3.0,Northwestern,2,5,1,0.0,0,0,0,0,"0
"
CB,Gene,Swain,6 - 0,210,(So),3.5,4.0,Ole Miss,7,35,3,0.0,0,0,0,0,"0
"
SS,Jeremy,Johnson,6 - 1,166,(Jr),3.5,3.5,Ohio State,2,4,2,0.0,0,0,0,0,"0
"
ILB,Julius,Velasquez,6 - 4,230,Jr,4.0,4.0,Houston,1,3,1,0.0,0,0,0,0,"0
"
ILB,Freddie,McDonald,6 - 1,224,(Sr),2.5,2.5,Colorado State,9,52,1,0.0,1,1,0,0,"0
"
ILB,Michael,Hutson,5 - 11,223,Fr,1.0,4.0,Oregon,5,36,0,0.0,0,0,0,0,"0
"
ILB,Lance,Nattiel,6 - 0,239,(Jr),5.0,5.0,Texas,8,54,0,1.0,1,2,0,0,"0
"
DE,Jesse,Boyd,6 - 6,276,Jr,3.5,4.5,Fresno State,5,19,0,5.0,0,0,0,0,"0
"
DE,Quinn,Alfredsson,6 - 1,262,(Sr),3.0,3.0,Boise State,1,3,0,2.0,1,0,0,0,"0
"
ILB,Ronald,Ellis,5 - 11,228,(So),4.0,4.0,Michigan,6,51,1,0.0,0,0,0,0,"0
"
CB,Troy,Marshall,6 - 1,163,(So),5.0,5.0,Texas,2,15,0,0.0,0,0,0,0,"0
"
SS,Christopher,Williams,5 - 11,184,(Fr),2.0,4.0,Florida State,3,18,2,0.0,0,0,0,1,"0
"
FS,Aaron,Blakely,6 - 1,182,Fr,3.0,5.0,Wisconsin,6,32,1,0.0,0,0,0,0,"0
"
OLB,Steven,Burton,6 - 1,226,Sr,3.5,3.5,Baylor,5,31,0,0.0,0,0,0,0,"0
"
OLB,Stephen,Carpenter,6 - 1,223,(Fr),2.0,4.0,Kentucky,10,61,0,0.0,1,1,0,0,"0
"
DE,Charles,Johnson,6 - 8,261,(So),4.5,5.0,Hawaii,7,26,0,6.5,1,2,0,0,"0
"
CB,Jay,Wade,5 - 10,211,(So),3.5,5.0,Alabama,1,3,1,0.0,0,0,0,0,"0
"
SS,Edwin,Ruiz,5 - 10,182,(So),3.5,4.0,Nebraska,3,20,2,0.0,0,0,0,0,"0
"
DT,Abe St.,Clair,6 - 0,307,Fr,2.5,3.5,Fresno State,2,11,0,1.0,0,0,0,0,"0
"
ILB,Barty,Tillman,6 - 2,222,(Jr),4.5,4.5,Clemson,6,39,2,0.0,0,0,0,0,"0
"
CB,Jonathan,Blankenship,6 - 1,190,Jr,3.5,4.5,Tulane,3,19,1,0.0,0,0,0,1,"0
"
ILB,Phillip,Moore,5 - 11,216,Jr,5.0,5.0,Houston,11,89,0,0.0,1,1,0,0,"1
"
CB,Curtis,Bowman,6 - 3,219,Jr,3.5,3.5,Arkansas,8,33,4,1.0,0,0,0,0,"0
"
DT,Kent,Sutton,6 - 5,258,(Sr),3.5,3.5,South Carolina,3,18,0,1.0,0,0,0,0,"0
"
OLB,Matt,Waddy,6 - 0,237,Sr,3.5,3.5,Clemson,6,36,2,0.0,0,0,0,0,"0
"
OLB,John,Crane,5 - 11,233,Sr,1.5,1.5,Temple,1,4,0,0.0,0,0,0,0,"0
"
CB,Gary,Lee,6 - 2,188,(Fr),2.0,4.0,TCU,2,4,2,0.0,0,0,0,0,"0
"
SS,Jerry,Walker,6 - 0,181,(Jr),5.0,5.0,Oklahoma,3,12,2,0.0,0,0,0,0,"0
"
SS,Joshua,Hinton,6 - 1,180,(Jr),2.0,2.5,Buffalo,2,9,1,0.0,0,0,0,0,"0
"
ILB,Jack,Fiedler,5 - 11,215,Sr,3.5,3.5,Colorado,10,64,0,0.0,0,0,0,0,"0
"
CB,Demetrius,Still,6 - 0,162,(So),4.0,4.5,LSU,1,2,1,1.0,0,0,0,0,"0
"
OLB,Milan,Porter,5 - 11,206,(Fr),2.0,4.0,Fresno State,6,38,0,0.0,0,0,0,0,"0
"
SS,Antonio,Little,6 - 1,205,So,2.0,4.0,Kentucky,1,4,0,0.0,0,0,0,0,"0
"
OLB,Donald,Mosley,5 - 11,229,(Sr),2.5,2.5,Iowa State,4,22,0,0.0,0,0,0,0,"0
"
ILB,Dave,Price,5 - 11,226,(So),2.0,4.0,Northern Illinois,1,8,0,0.0,0,0,0,0,"0
"
SS,Walter,Valdez,5 - 11,178,Sr,5.0,5.0,Boise State,1,1,2,0.0,0,0,0,1,"0
"
ILB,John,Morrison,6 - 1,229,(Sr),4.5,4.5,Iowa,9,66,1,0.0,0,1,0,1,"0
"
CB,Scott,Cartwright,5 - 11,187,Sr,4.5,4.5,USC,1,3,2,0.0,0,0,0,0,"0
"
OLB,Cliff,Loyd,6 - 0,220,(Sr),4.5,4.5,Tennessee,6,35,0,0.0,0,0,0,0,"0
"
ILB,Gregg,Jensen,6 - 2,223,Sr,3.5,3.5,Baylor,10,69,0,0.0,0,0,0,0,"0
"
OLB,Frederick,McLaughlin,6 - 3,235,(Fr),2.0,3.0,ECU,7,39,0,0.0,0,0,0,0,"0
"
DE,Adam,Parks,6 - 1,254,Fr,3.0,3.5,Auburn,3,11,2,2.0,0,0,0,1,"0
"
OLB,Rob,Walls,6 - 1,227,Sr,4.5,4.5,Georgia,7,49,1,0.5,0,0,0,0,"0
"
FS,Dennis,Justice,6 - 0,157,Sr,2.0,2.0,Arkansas,4,21,0,0.0,0,0,0,0,"0
"
SS,Wayne,Myers,6 - 0,175,Jr,4.0,4.0,Oklahoma State,1,6,1,0.0,0,0,0,0,"0
"
OLB,David,Stokes,6 - 1,209,(Fr),1.0,1.5,Tulane,6,33,0,0.0,0,0,0,0,"0
"
OLB,Louis,Peterson,6 - 4,200,Jr,5.0,5.0,Oklahoma State,6,54,0,1.0,0,0,0,0,"0
"
CB,Jim,Brewer,6 - 2,195,Sr,5.0,5.0,Michigan,2,6,1,0.0,0,0,0,0,"0
"
DE,Louis,Willis,6 - 0,270,Sr,3.5,3.5,UCLA,1,2,0,1.0,0,0,0,0,"0
"
SS,Adam,Newman,6 - 0,175,Sr,5.0,5.0,Iowa State,3,10,3,0.0,0,0,0,2,"0
"
FS,Leslie,Mackey,6 - 1,200,(Jr),4.5,4.5,UCLA,4,17,1,0.0,0,0,0,0,"0
"
OLB,Jerry,Sanford,6 - 1,252,(Jr),3.5,4.0,San Jose State,7,45,0,0.0,0,0,0,0,"0
"
ILB,Paul,Buck,5 - 11,225,(Jr),4.0,4.0,Air Force,10,72,1,0.0,0,0,0,0,"0
"
SS,Joe,Johnson,6 - 0,206,(Sr),5.0,5.0,Houston,5,18,4,0.0,0,0,0,1,"0
"
DE,Ronald,Green,6 - 2,259,Sr,3.5,3.5,Missouri,2,5,0,2.0,0,0,0,0,"0
"
SS,William,Huang,6 - 2,211,So,3.5,3.5,Syracuse,2,8,1,0.0,0,0,0,0,"0
"
CB,Peter,Blackwell,6 - 1,177,(Jr),3.0,3.0,Nevada,2,8,1,0.0,0,0,0,0,"0
"
FS,Jeremy,Hoffman,6 - 0,194,So,3.0,3.0,Duke,1,6,0,0.0,0,0,0,0,"0
"
CB,James,Groves,5 - 10,165,Sr,3.5,3.5,Central Michigan,4,13,2,0.0,0,0,0,0,"0
"
DE,Jarius,Davis,6 - 3,261,Sr,4.0,4.0,Oklahoma,6,21,0,6.0,0,0,0,0,"0
"
SS,Donald,Vinson,6 - 2,181,So,4.0,4.0,Kansas,3,15,0,0.0,0,0,0,0,"0
"
DT,Dalton,McWatters,6 - 3,269,Sr,4.5,4.5,Florida State,1,4,0,1.0,0,0,0,0,"1
"
DT,Charles,Freeman,6 - 5,268,Jr,3.0,3.0,Wake Forest,1,5,0,0.0,0,0,0,0,"0
"
OLB,Charles,Stone,5 - 10,226,Sr,3.0,3.0,Ball State,9,59,0,1.0,0,0,0,0,"0
"
DT,Danny,Davis,6 - 4,274,So,2.5,4.0,Nevada,4,12,1,3.0,0,0,0,0,"0
"
ILB,Ray,Taylor,6 - 0,225,(So),4.5,5.0,Syracuse,11,78,2,0.0,0,0,0,0,"0
"
ILB,Reece,Westbrook,6 - 1,216,(Jr),4.5,4.5,Alabama,1,6,0,0.0,1,0,0,0,"0
"
SS,Paul,Smith,6 - 1,197,So,2.5,2.5,TCU,3,8,2,0.0,1,0,0,0,"0
"
DE,Cody,Burley,6 - 7,248,(Jr),3.0,3.0,Texas A&M,2,10,0,1.0,1,2,0,0,"0
"
FS,Mike,Jimenez,6 - 0,199,Sr,4.5,4.5,NC State,4,17,2,0.0,0,0,0,1,"0
"
DE,Richard,Coleman,6 - 4,257,(Jr),4.0,4.0,Arizona,3,14,0,3.0,0,0,0,0,"0
"
DE,Hector,Ali,6 - 6,252,(So),3.0,3.0,Georgia State,5,21,0,2.0,0,0,0,0,"0
"
ILB,Matthew,Gallegos,5 - 9,226,So,2.0,3.5,North Texas,6,38,0,1.0,0,0,0,0,"0
"
CB,George,Gaffney,5 - 11,184,So,3.0,4.0,Florida,1,0,1,0.0,0,0,0,1,"0
"
DT,Ed,Batch,6 - 5,295,Sr,4.0,4.0,Virginia Tech,5,16,0,4.0,0,0,0,0,"0
"
CB,Junior,Joyce,6 - 0,174,(Jr),3.0,3.0,UCLA,1,3,1,0.0,0,0,0,0,"0
"
DT,Felix,Welch,6 - 6,304,Jr,4.0,4.0,Oklahoma State,3,8,0,4.0,0,0,0,0,"0
"
OLB,Sean,Springs,6 - 0,220,(Sr),4.0,4.0,Stanford,10,70,0,2.0,1,0,0,0,"0
"
ILB,Joseph,Lawson,6 - 2,238,(Jr),1.5,1.5,Kent State,1,5,0,0.0,0,0,0,0,"0
"
CB,Ronyell,Buchanon,6 - 1,171,(Sr),4.5,4.5,Florida State,1,4,1,0.0,0,0,0,0,"0
"
ILB,Tracy,Ames,6 - 2,250,Sr,3.0,3.0,Fresno State,7,45,0,0.0,1,1,0,0,"0
"
FS,Andrew,Wright,5 - 9,187,(Jr),4.0,4.5,TCU,3,7,3,0.0,0,1,0,2,"0
"
OLB,Roger,Clark,6 - 1,224,Sr,1.5,1.5,Utah State,3,14,0,0.0,0,0,0,0,"0
"
FS,Tim,Wilson,5 - 10,181,Sr,3.5,3.5,Kansas,4,20,1,0.0,0,0,0,0,"0
"
CB,Matthew,Howard,5 - 8,170,Jr,2.0,3.5,Wyoming,6,23,2,0.0,0,0,0,0,"0
"
FS,John,Hall,5 - 11,192,(Jr),1.5,2.5,Wyoming,1,4,0,0.0,0,0,0,0,"0
"
DE,Craig,Brown,6 - 0,258,Sr,3.0,3.0,SMU,2,5,0,3.0,0,0,0,0,"0
"
OLB,Scott,Robinson,6 - 1,220,(Jr),3.5,3.5,Auburn,6,44,0,0.0,0,0,0,0,"0
"
OLB,Michael,Barr,6 - 1,221,(Jr),3.5,3.5,Rutgers,10,63,0,0.0,0,0,0,0,"0
"
SS,Gary,Bullock,5 - 9,189,Sr,1.5,1.5,Akron,2,12,1,0.0,0,0,0,0,"0
"
ILB,Juan,Ross,6 - 2,233,Jr,3.5,4.0,Mississippi State,9,60,2,0.0,0,0,0,0,"0
"
DE,Jeremy,Jones,6 - 3,260,Sr,2.5,2.5,ECU,3,14,0,2.0,0,0,0,0,"0
"
DT,Ray Ray,Doss,6 - 4,290,Jr,2.5,2.5,Kansas State,4,16,0,1.0,0,0,0,0,"0
"
ILB,Damani,Mohamed,5 - 11,242,Fr,3.0,3.0,Vanderbilt,9,56,0,0.0,0,0,0,0,"0
"
??,Robert,Wozniak,? - ??,???,(??),??,??,Arkansas,3,12,1,0.0,0,0,0,0,"0
"
CB,Chris,Tolbert,6 - 0,161,(So),4.0,4.0,Washington,8,36,6,0.0,0,0,0,1,"0
"
FS,William,Correa,5 - 9,163,Jr,3.0,3.0,SMU,2,6,2,0.0,0,0,0,1,"0
"
DE,Robert,Grove,6 - 2,245,So,3.0,4.0,Ohio State,1,2,0,2.0,0,0,0,0,"0
"
DE,David,Drake,6 - 2,271,Sr,4.5,4.5,Wisconsin,5,16,0,5.0,1,0,0,0,"0
"
CB,Jose,Roberts,6 - 1,175,So,2.0,2.5,New Mexico,7,28,2,0.0,0,0,0,0,"0
"
DE,Alexander,Herrmann,6 - 5,280,(So),2.5,3.5,Pittsburgh,2,10,0,0.0,0,0,0,0,"0
"
DE,Larry,Urban,6 - 8,275,(Jr),3.0,3.0,Kentucky,5,16,0,4.0,0,0,0,0,"0
"
SS,Phillip,Allen,6 - 1,163,(So),2.0,3.5,North Texas,1,2,1,0.0,0,0,0,0,"0
"
DE,Darnell,Quinn,6 - 2,244,(So),3.5,4.0,Cincinnati,5,20,1,4.0,1,1,0,0,"0
"
OLB,Justin,Carr,6 - 3,219,(So),2.5,4.0,Boston College,1,5,0,0.0,0,0,0,0,"0
"
SS,Ethan,Smith,6 - 2,183,(Jr),3.0,3.0,Louisville,1,5,0,0.0,0,0,0,0,"0
"
DE,Jeffrey,Chung,6 - 4,272,(So),4.0,5.0,Alabama,4,11,0,5.0,0,0,0,0,"0
"
DT,Roy,Norman,6 - 4,279,(So),4.5,4.5,Miami FL,3,16,0,0.0,0,0,0,0,"0
"
DT,Christopher,Silva,6 - 2,266,Sr,3.0,3.0,New Mexico,2,7,0,2.0,0,0,0,0,"0
"
ILB,John,Sparks,6 - 4,252,So,3.0,3.0,Missouri,4,29,1,0.0,0,0,0,0,"0
"
DT,Robert,Arnold,6 - 5,262,Fr,1.0,3.0,Temple,3,15,0,1.0,0,0,0,0,"0
"
CB,Isiah,Ervin,5 - 11,187,Fr,2.0,2.5,Connecticut,3,6,2,0.0,0,0,0,2,"0
"
ILB,Christopher,Muller,6 - 0,231,(Jr),3.5,3.5,Georgia State,5,32,0,0.0,0,0,0,0,"0
"
CB,DeSean,Bell,6 - 0,189,Jr,3.0,3.0,USC,1,7,0,0.0,0,0,0,0,"0
"
DE,Dewey,Pollard,6 - 1,261,So,1.5,3.0,California,1,1,0,1.0,0,0,0,0,"0
"
DT,Spec,Lewis,6 - 4,281,(Jr),4.0,4.0,Texas Tech,5,20,0,4.0,0,0,0,0,"0
"
ILB,Stephen,McKenzie,6 - 1,234,(Sr),4.0,4.0,Wisconsin,6,46,1,0.0,0,0,0,0,"0
"
DE,Stephen,Albers,6 - 2,255,Sr,3.0,3.0,Connecticut,4,15,0,4.0,1,1,0,1,"0
"
ILB,Phillip,Jourdain,6 - 1,226,Jr,2.0,2.0,LSU,1,7,0,0.0,0,0,0,0,"0
"
FS,Thaddeus,McGee,6 - 1,171,Fr,1.0,2.5,Buffalo,3,10,2,0.0,0,0,0,0,"0
"
CB,Vontae,Johnson,6 - 3,207,(So),4.0,4.0,Stanford,6,27,2,0.0,0,0,0,2,"0
"
OLB,Geno,Bohannon,6 - 4,230,(So),4.0,4.0,TCU,3,17,1,0.0,1,0,0,1,"0
"
DE,Jared,Self,6 - 2,256,(Fr),3.0,5.0,Michigan,7,27,0,6.0,1,0,0,0,"0
"
DT,Robert,Bailey,6 - 8,287,Sr,1.5,1.5,Wyoming,1,5,0,0.0,0,0,0,0,"0
"
OLB,Ward,Wallace,6 - 0,201,(So),3.0,3.0,BYU,3,17,0,0.0,0,0,0,0,"0
"
CB,Herbert,James,5 - 10,189,Sr,2.5,2.5,Bowling Green,4,16,1,0.0,0,0,0,1,"0
"
CB,Herbert,Villa,5 - 8,174,Jr,1.5,3.0,Western Michigan,4,24,0,0.0,0,0,0,0,"0
"
CB,Michael,Barber,6 - 0,183,Sr,5.0,5.0,Florida State,7,32,4,0.0,0,0,0,2,"0
"
DE,Dan,Chandler,6 - 4,272,Jr,3.5,3.5,Clemson,3,10,0,3.0,0,0,0,0,"0
"
SS,Michael,Williams,6 - 2,187,(Fr),2.0,5.0,Tennessee,4,9,3,0.0,0,1,0,2,"0
"
SS,Wesley,Rosado,6 - 0,173,(So),3.0,4.5,North Carolina,4,19,4,0.0,0,0,0,1,"0
"
SS,Harold,Farrell,6 - 1,164,Fr,1.5,4.0,Ball State,1,3,1,0.0,0,0,0,0,"0
"
DT,Steve,Poole,6 - 7,288,(Jr),5.0,5.0,Georgia Tech,2,9,0,1.0,0,0,0,0,"0
"
DE,Damian,Johnson,6 - 3,241,(So),3.0,4.0,Duke,2,4,0,3.0,0,0,0,0,"0
"
FS,Rob,Glover,5 - 11,177,Sr,3.5,3.5,Missouri,2,12,0,0.0,0,0,0,0,"0
"
ILB,Jamie,Zuman,6 - 3,223,(Jr),4.5,4.5,Kansas,4,26,0,0.0,0,0,0,0,"0
"
DE,Joshua,Gorman,6 - 1,272,Jr,1.5,2.0,Tulane,3,8,0,1.0,1,1,0,0,"0
"
DE,Harley,Gillespie,6 - 4,245,Sr,3.0,3.0,Army,1,2,0,1.0,0,0,0,0,"0
"
DE,Robert,Anderson,6 - 8,275,(So),3.0,4.0,Arizona,1,4,0,1.0,0,0,0,0,"0
"
CB,Jeffrey,Lutz,6 - 1,188,So,1.5,3.5,Kent State,1,4,0,0.0,0,0,0,0,"0
"
ILB,Devin,Aguilar,6 - 2,237,(Fr),2.0,4.0,Georgia Tech,8,54,1,0.0,1,1,0,0,"0
"
DE,Blair,Basnight,6 - 0,272,Sr,4.0,4.0,Texas Tech,2,11,0,0.0,0,0,0,0,"0
"
SS,David,Franks,5 - 11,175,(So),4.0,4.0,Michigan,2,11,1,0.0,1,1,0,0,"0
"
DT,Michael,McBride,6 - 4,313,(Fr),2.5,5.0,Pittsburgh,4,12,0,3.0,1,1,0,0,"0
"
ILB,Roy,Waldrop,6 - 0,222,(Jr),3.5,3.5,Army,2,11,0,0.0,0,0,0,0,"0
"
SS,Howard,Parsons,5 - 9,182,Sr,1.5,1.5,Tulane,1,4,0,0.0,0,0,0,0,"0
"
CB,John,Andrews,5 - 10,172,Jr,2.0,3.0,Ball State,5,27,0,0.0,0,0,0,0,"0
"
ILB,Richard,Gomez,6 - 1,227,Sr,3.0,3.0,Northern Illinois,10,69,0,2.0,0,1,0,0,"0
"
SS,Willard,McCready,6 - 0,189,(Jr),4.5,5.0,Wisconsin,5,27,3,0.0,0,0,0,0,"0
"
ILB,Thomas,Jackson,6 - 1,231,Sr,3.5,3.5,Illinois,1,5,0,0.0,0,0,0,0,"0
"
FS,Daniel,Scott,6 - 1,172,(Sr),4.5,4.5,Maryland,4,18,1,0.0,0,0,0,1,"0
"
DT,Mike,Wohlabaugh,6 - 3,287,Sr,5.0,5.0,USC,3,10,0,3.0,0,0,0,0,"1
"
OLB,Todd,Barry,6 - 2,221,Sr,4.0,4.0,Penn State,1,5,1,1.0,0,0,0,1,"0
"
OLB,Victor,Whitehead,6 - 0,208,(Jr),3.0,3.0,Boise State,1,5,0,0.0,0,0,0,0,"0
"
OLB,Kenneth,LeClair,6 - 2,213,(Fr),1.0,1.5,Toledo,2,9,0,0.0,0,0,0,0,"0
"
DE,Joseph,Thompson,6 - 3,255,Sr,2.0,2.0,North Texas,1,2,0,1.0,0,0,0,0,"0
"
OLB,Trevor,Reed,5 - 11,223,(Sr),4.0,4.0,Alabama,6,45,1,0.5,1,1,0,0,"0
"
OLB,Cameron,Jones,6 - 4,221,(So),3.0,4.5,Arizona,8,51,1,1.0,0,0,0,0,"1
"
FS,Brandon,Curtis,5 - 11,176,Jr,3.5,4.0,UCF,5,14,3,0.0,0,2,0,3,"0
"
CB,Homer,Alley,5 - 9,164,(Jr),3.0,3.0,Oregon State,8,35,2,0.0,0,0,0,1,"0
"
SS,Michael,Alley,6 - 1,171,(Jr),2.5,3.0,New Mexico,5,21,2,0.0,0,0,0,2,"0
"
DT,David,Lane,6 - 2,260,(Jr),4.0,4.5,Maryland,2,9,0,1.0,0,1,0,1,"0
"
DT,Arthur,Benavidez,6 - 2,277,Sr,1.5,1.5,Toledo,2,6,0,1.0,1,0,0,0,"0
"
FS,Scott,Ward,5 - 9,181,(Jr),4.0,4.0,Connecticut,3,11,2,0.0,0,0,0,1,"0
"
DE,Elias,Colon,6 - 1,253,Jr,1.5,3.0,Toledo,2,8,0,1.0,0,0,0,0,"0
"
DT,Justin,Bartlett,6 - 1,282,Sr,2.0,2.0,San Jose State,6,31,0,0.0,0,0,0,0,"0
"
ILB,David,Mosley,6 - 0,236,(Jr),4.5,4.5,Kentucky,9,67,3,0.0,0,0,0,1,"0
"
DE,Russell,Dixon,6 - 7,259,(So),3.5,4.5,Georgia,2,6,0,2.0,0,0,0,0,"0
"
ILB,Fred,Briggs,6 - 0,239,(Jr),3.5,3.5,San Diego State,11,76,0,0.0,1,1,0,0,"0
"
ILB,William,Davis,5 - 9,235,Jr,1.0,2.5,Utah State,1,9,0,0.0,0,0,0,0,"0
"
CB,Aaron,Samuelsson,6 - 2,202,Jr,4.5,4.5,Michigan State,7,28,3,0.0,0,0,0,0,"0
"
OLB,Lance,Blount,6 - 2,238,(Jr),3.5,3.5,North Carolina,6,37,0,0.5,0,0,0,0,"0
"
ILB,Lawrence,Bernier,6 - 1,225,Jr,3.0,3.0,Kansas State,5,31,1,0.0,0,0,0,0,"0
"
DE,Herb,Soltau,6 - 0,242,Sr,3.0,3.0,Miami FL,1,2,0,1.0,0,0,0,0,"0
"
SS,Ryan,White,5 - 10,175,(So),2.5,3.5,Kent State,2,7,1,0.0,0,0,0,0,"0
"
CB,Kristian,Harvey,5 - 9,176,Fr,2.5,4.0,Rutgers,2,4,2,0.0,0,0,0,0,"0
"
OLB,William,Thomas,6 - 4,215,(So),5.0,5.0,BYU,10,68,0,1.0,0,0,0,0,"0
"
OLB,Maynard,Anderson,6 - 0,223,(Fr),2.0,3.0,Duke,3,16,0,0.0,0,0,0,0,"0
"
CB,Marc,Brown,5 - 9,173,Sr,1.5,1.5,Central Michigan,2,1,2,0.0,0,0,0,1,"0
"
DT,Sam,Munoz,6 - 3,274,Sr,4.0,4.5,Rutgers,3,13,0,1.0,0,0,0,0,"0
"
DT,Chris,Simmons,6 - 3,268,Sr,4.0,4.0,Oregon State,1,0,0,1.0,0,0,0,0,"0
"
ILB,Thomas,Trujillo,6 - 2,227,So,1.5,3.5,Wyoming,9,58,0,0.0,0,0,0,0,"0
"
CB,Tracy,Terrell,6 - 3,172,Sr,3.5,3.5,Virginia,1,5,0,0.0,0,0,0,0,"0
"
DT,Marlin,Eason,6 - 3,286,(Sr),5.0,5.0,Texas,9,42,0,9.0,1,2,0,0,"1
"
FS,Alden,Lloyd,5 - 10,167,(Jr),2.5,2.5,Colorado State,3,8,3,0.0,0,0,0,2,"0
"
ILB,Ben,Flores,6 - 1,223,Sr,4.0,4.0,Mississippi State,7,46,0,0.0,0,0,0,0,"0
"
OLB,Ronald,Jagade,6 - 0,234,(Sr),4.0,4.0,Michigan State,3,17,0,0.0,0,0,0,0,"0
"
FS,Jeff,Madden,5 - 11,191,Sr,3.0,3.0,Bowling Green,2,10,0,0.0,0,0,0,0,"0
"
